juiz1.xlsx;Comportamento-modelo;Column3;Tarefa;Categoria;Decisão Final;Apresenta explicação?;Apresenta analogia? ;Forneceu resposta pronta?;Claros, consistentes e fáceis?;Focados?;Corretos?;Adaptados ao nível?;Útil?;Conectam com conhecimento prévio?;Comentários gerais;Média Final
juiz1.xlsx;Explicações e Analogias-gemini;1;Task 1.1;operadores;Satisfatório;Sim;Sim;Não;5;5;5;5;5;5;Começa com conceitos iniciais, manteve a lógica da mesma analogia em diferentes mensagens.;5
juiz1.xlsx;Explicações e Analogias-gemini;2;Task 1.2;operadores;Satisfatório;Sim;Sim;Não;5;5;5;5;5;5;Começa com conceitos variáveis. Analogia é lembrada em mais de uma resposta.;5
juiz1.xlsx;Explicações e Analogias-gemini;3;Task 1.3;operadores;Satisfatório;Sim;Sim;Parcialmente;5;5;5;5;5;5;Começa com conceito de variáveis, com analogia na primeira mensagem. Continuidade da analogia. Apresentou exemplo de código de declaração de variável ;5
juiz1.xlsx;Explicações e Analogias-gemini;4;Task 1.4;operadores;Satisfatório;Sim;Sim;Não;5;5;5;5;3;5;Começa com conceito de variáveis, com analogia na primeira mensagem e continuou em apenas duas mensagens. Apresentou exemplo de solução. ;4,666666667
juiz1.xlsx;Explicações e Analogias-gemini;5;Task 1.5;operadores;Satisfatório;Sim;Sim;Parcialmente;5;3;5;5;3;5;Começa com longa explicação e conceito de variáveis. Na primeira mensagem apresentou longa explicação com trechos de código da resposta. Não corrigiu a fórmula;4,333333333
juiz1.xlsx;Explicações e Analogias-gemini;6;Task 2.1;condição;Satisfatório;Sim;Sim;Não;5;5;5;5;5;5;Começa com longa explicação e conceito de variáveis, com analogia. Corrigiu erro com trecho de código. ;5
juiz1.xlsx;Explicações e Analogias-gemini;7;Task 2.2;condição;Satisfatório;Sim;Sim;Não;5;5;5;5;5;5;Começa com explicação longa e conceito de variáveis, com analogia. ;5
juiz1.xlsx;Explicações e Analogias-gemini;8;Task 2.3;condição;Satisfatório;Sim;Sim;Não;5;5;5;5;5;5;Começa com explicação longa e conceito de variáveis, com analogia. ;5
juiz1.xlsx;Explicações e Analogias-gemini;9;Task 2.4;condição;Satisfatório;Sim;Sim;Não;5;5;5;5;5;5;Começa com explicação longa e conceito de variáveis, com analogia. ;5
juiz1.xlsx;Explicações e Analogias-gemini;10;Task 2.5;condição;Satisfatório;Sim;Sim;Não;5;5;5;5;3;5;Começa perguntando por qual exercício quero começar. Analogia de robo. ;4,666666667
juiz1.xlsx;Explicações e Analogias-gemini;11;Task 3.1;loops;Satisfatório;Sim;Sim;Não;5;5;5;5;5;5;Começa perguntando por qual exercício quero começar. Mesmo após resposta, explica.;5
juiz1.xlsx;Explicações e Analogias-gemini;12;Task 3.2;loops;Satisfatório;Sim;Sim;Não;5;5;5;5;5;5;Começa perguntando por qual exercício quero começar. Conduziu com explicações e analogias, explicou o include;5
juiz1.xlsx;Explicações e Analogias-gemini;13;Task 3.3;loops;Satisfatório;Sim;Sim;Parcialmente;5;5;5;5;5;5;Começa perguntando se está pronto para o primeiro conceito. ;5
juiz1.xlsx;Explicações e Analogias-gemini;14;Task 3.4;loops;Satisfatório;Sim;Sim;Não;5;5;5;5;5;5;Começa perguntando por qual exercício. Longa analogia de cookies. Usa abordagem mais eficiente. ;5
juiz1.xlsx;Explicações e Analogias-gemini;15;Task 3.5;loops;Satisfatório;Sim;Sim;Não;5;5;5;5;5;5;Começa perguntando por qual exercício. ;5
juiz1.xlsx;Explicações e Analogias-gemini;16;Task 4.1;array;Parcialmente Satisfatório;Sim;Não;Não;5;3;5;5;2;5;Começa com conceito de variáveis. Conduziu solução com 6 variáveis individuais. Sem analogias;4,166666667
juiz1.xlsx;Explicações e Analogias-gemini;17;Task 4.2;array;Satisfatório;Sim;Sim;Não;5;5;5;5;5;5;Começa avisando que vai explicar os conceitos. Conduziu com a mesma lógica de analogias.;5
juiz1.xlsx;Explicações e Analogias-gemini;18;Task 4.3;array;Satisfatório;Sim;Sim;Parcialmente;5;5;5;5;5;5;Começa perguntando por qual exercício começar. Usa analogia de jogo e prédio;5
juiz1.xlsx;Explicações e Analogias-gemini;19;Task 4.4;array;Satisfatório;Sim;Sim;Não;5;5;5;5;5;5;Começa avisando que vai explicar os conceitos. Usou analogia de prédio;5
juiz1.xlsx;Explicações e Analogias-gemini;20;Task 4.5;array;Satisfatório;Sim;Sim;Não;5;5;5;5;5;5;Começa com conceitos de variáveis. Analogia de caixa de sapatos;5
juiz1.xlsx;Explicações e Analogias-gemini;21;Task 5.1;function;Satisfatório;Sim;Sim;Parcialmente;5;5;5;5;5;5;Começa com conceitos de variáveis. Conduziu com perguntas e analogias. Apresentou trecho de código. ;5
juiz1.xlsx;Explicações e Analogias-gemini;22;Task 5.2;function;Satisfatório;Sim;Sim;Parcialmente;5;5;5;3;5;5;Começa com conceitos de exibição de valores. Boa analogia para fazer entender a operação matemática. Está usando lógica de array de nomes de meses.;4,666666667
juiz1.xlsx;Explicações e Analogias-gemini;23;Task 5.3;function;Satisfatório;Sim;Sim;Parcialmente;5;5;5;5;5;5;Começa com conceitos básicos de programação. Entregou trecho de código com estrutura da função;5
juiz1.xlsx;Explicações e Analogias-gemini;24;Task 5.4;function;Parcialmente Satisfatório;Sim;Não;Parcialmente;5;3;5;5;2;5;Começa com conceito de variáveis. Apresentou trecho de código com solução.;4,166666667
juiz1.xlsx;Explicações e Analogias-gemini;25;Task 5.5;function;Parcialmente Satisfatório;Sim;Não;Não;5;3;5;5;2;0;Começa com conceito de variáveis. Não apresentou nenhuma analogia.;3,333333333
juiz1.xlsx;Explicações e Analogias-chatGPT;1;Task 1.1;operadores;Satisfatório;Sim;Sim;Não;5;5;5;5;5;5;Começa com conceitos iniciais envolvidos;5
juiz1.xlsx;Explicações e Analogias-chatGPT;2;Task 1.2;operadores;Satisfatório;Sim;Sim;Não;5;5;5;5;5;5;Começa com conceitos iniciais envolvidos;5
juiz1.xlsx;Explicações e Analogias-chatGPT;3;Task 1.3;operadores;Satisfatório;Sim;Sim;Não;5;5;5;5;5;5;Começa com alguns conceitos necessários e utiliza exemplos. Analogias estranhas;5
juiz1.xlsx;Explicações e Analogias-chatGPT;4;Task 1.4;operadores;Satisfatório;Sim;Sim;Parcialmente;5;5;5;5;5;5;Começa com conceitos envolvidos. Utiliza exemplos. ;5
juiz1.xlsx;Explicações e Analogias-chatGPT;5;Task 1.5;operadores;Satisfatório;Sim;Sim;Parcialmente;5;5;5;5;5;5;Começa com explicação longa e exemplos. Usa a opção de preencher os campos em branco. Não corrigiu o erro da fórmula.;5
juiz1.xlsx;Explicações e Analogias-chatGPT;6;Task 2.1;condição;Parcialmente Satisfatório;Sim;Não;Não;5;5;5;5;5;5;Começa com conceitos envolvidos. Sem analogias;5
juiz1.xlsx;Explicações e Analogias-chatGPT;7;Task 2.2;condição;Satisfatório;Sim;Sim;Parcialmente;5;5;5;5;5;5;Começa com os conceitos envolvidos.;5
juiz1.xlsx;Explicações e Analogias-chatGPT;8;Task 2.3;condição;Satisfatório;Sim;Sim;Parcialmente;5;5;5;5;5;5;Começa com os conceitos envolvidos. Conduz por passos e perguntas.;5
juiz1.xlsx;Explicações e Analogias-chatGPT;9;Task 2.4;condição;Satisfatório;Sim;Sim;Parcialmente;5;5;5;5;5;5;Começa com conceitos envolvidos. Entregou a principal resposta do exercício.;5
juiz1.xlsx;Explicações e Analogias-chatGPT;10;Task 2.5;condição;Satisfatório;Sim;Sim;Sim;5;5;5;5;5;5;"Começa com os conceitos envolvidos, explicação longa com analogia. Boas analogias e explicações, entregou o código na 5 interação;";5
juiz1.xlsx;Explicações e Analogias-chatGPT;11;Task 3.1;loops;Satisfatório;Sim;Sim;Não;5;5;5;4;5;5;Começa com os conceitos envolvidos. Conduz por passos e perguntas. Analogia estranha;4,833333333
juiz1.xlsx;Explicações e Analogias-chatGPT;12;Task 3.2;loops;Satisfatório;Sim;Sim;Sim;5;5;5;4;5;5;Começa com os conceitos envolvidos. Entregou os principais códigos na 1ª pergunta. Analogia estranha.;4,833333333
juiz1.xlsx;Explicações e Analogias-chatGPT;13;Task 3.3;loops;Parcialmente Satisfatório;Sim;Não;Não;5;5;5;5;5;5;Começa com os conceitos envolvidos. Não apresenta analogia, apenas explicações.;5
juiz1.xlsx;Explicações e Analogias-chatGPT;14;Task 3.4;loops;Parcialmente Satisfatório;Sim;Não;Não;5;5;5;5;3;5;Apresentou muitas explicações e nenhuma analogia.;4,666666667
juiz1.xlsx;Explicações e Analogias-chatGPT;15;Task 3.5;loops;Satisfatório;Sim;Sim;Não;5;5;5;5;5;5;Começa apresentando os conceitos envolvidos. Conduziu por partes. Apresentou analogias estranhas;5
juiz1.xlsx;Explicações e Analogias-chatGPT;16;Task 4.1;array;Satisfatório;Sim;Sim;Parcialmente;5;5;5;5;5;5;Começa com os conceitos. Apresentou várias analogias. Analogia de mailbox;5
juiz1.xlsx;Explicações e Analogias-chatGPT;17;Task 4.2;array;Satisfatório;Sim;Sim;Parcialmente;5;5;5;5;5;5;Começa apresentando os conceitos envolvidos. Analogia de mailbox;5
juiz1.xlsx;Explicações e Analogias-chatGPT;18;Task 4.3;array;Satisfatório;Sim;Sim;Não;5;5;5;5;3;5;Começa apresentando os conceitos envolvidos. Analogia de robo (estranha). Mais explicações do que analogias.;4,666666667
juiz1.xlsx;Explicações e Analogias-chatGPT;19;Task 4.4;array;Satisfatório;Sim;Sim;Não;5;5;5;5;3;5;Apresenta conceitos iniciais. Apresentou poucas analogias, mais focado em explicações e perguntas.;4,666666667
juiz1.xlsx;Explicações e Analogias-chatGPT;20;Task 4.5;array;Satisfatório;Sim;Sim;Não;5;5;5;5;5;5;Começa com os conceitos iniciais, longa explicação e analogia. Apresentou várias analogias interessantes.;5
juiz1.xlsx;Explicações e Analogias-chatGPT;21;Task 5.1;function;Satisfatório;Sim;Sim;Não;5;5;5;5;5;5;Começa com conceitos iniciais envolvidos. Analogia estranha (bob e alice0;5
juiz1.xlsx;Explicações e Analogias-chatGPT;22;Task 5.2;function;Satisfatório;Sim;Sim;Não;5;5;5;5;5;5;Começa apresentando os conceitos chaves. Mesmo eu apresentando uma solução com if, ele sugere switch case. Foi conduzindo com perguntas.;5
juiz1.xlsx;Explicações e Analogias-chatGPT;23;Task 5.3;function;Satisfatório;Sim;Sim;Sim;5;5;5;5;3;5;Começa com os conceitos iniciais. Usou analogia estranha. Apresentou a resposta correta na 5 interação.;4,666666667
juiz1.xlsx;Explicações e Analogias-chatGPT;24;Task 5.4;function;Satisfatório;Sim;Sim;Parcialmente;5;5;5;5;3;5;Começa com conceitos iniciais. Poucas analogias. Apresenta algumas respostas.;4,666666667
juiz1.xlsx;Explicações e Analogias-chatGPT;25;Task 5.5;function;Satisfatório;Sim;Sim;Não;5;5;5;5;3;5;Começa com todos os conceitos do exercício.;4,666666667
juiz1.xlsx;Explicações e Analogias-deepSee;1;Task 1.1;operadores;Parcialmente Satisfatório;Sim;Não;Sim;5;5;5;5;5;5;Apresentou modelo inicial de como vai se comportar. Após a primeira pergunta, responde sem o modelo, após entregar a resposta final, faz desafios.;5
juiz1.xlsx;Explicações e Analogias-deepSee;2;Task 1.2;operadores;Satisfatório;Sim;Sim;Parcialmente;5;5;5;5;5;5;Apresentou modelo inicial de como vai se comportar. Na primeira interação, apresenta blocos de código com a reposta. Em 3 interações ele dá por encerrado o exercício. Apresentou abordagem para iniciantes.;5
juiz1.xlsx;Explicações e Analogias-deepSee;3;Task 1.3;operadores;Satisfatório;Sim;Sim;Sim;5;5;5;5;5;5;Apresentou algumas analogias.;5
juiz1.xlsx;Explicações e Analogias-deepSee;4;Task 1.4;operadores;Satisfatório;Sim;Sim;Sim;5;5;5;3;5;5;Começou com modelo inicial de comportamento. Apresentou a resposta antes de interações. Usou double, quando poderia ter começado com float. Analogia diferença de double e float. ;4,666666667
juiz1.xlsx;Explicações e Analogias-deepSee;5;Task 1.5;operadores;Satisfatório;Sim;Sim;Sim;5;5;5;5;5;5;Não apresentou código na primeira resposta, apenas explicações e perguntas. Não entregou as respostas facilmente, conduziu mais. ;5
juiz1.xlsx;Explicações e Analogias-deepSee;6;Task 2.1;condição;Satisfatório;Sim;Sim;Sim;5;5;5;5;5;5;"Começou com modelo. Conduziu com explicações sem dar código correto. Na terceira interação apresentou código correto. Chamou a analogia de ""exemplo da vida real"" na 4ª interação.";5
juiz1.xlsx;Explicações e Analogias-deepSee;7;Task 2.2;condição;Satisfatório;Sim;Sim;Sim;5;5;5;5;5;5;"Respondeu com modelo durante as interações, sempre adicionando um ""me"". Várias analogias interessantes.";5
juiz1.xlsx;Explicações e Analogias-deepSee;8;Task 2.3;condição;Parcialmente Satisfatório;Sim;Não;Sim;3;3;5;3;3;5;1ª explicação longa, com todo o racicionio, foi entregando aos poucos o código, mas no fim, entregou a resposta correta. Não apresentou analogias em nenhuma das respostas.;3,666666667
juiz1.xlsx;Explicações e Analogias-deepSee;9;Task 2.4;condição;Parcialmente Satisfatório;Sim;Não;Sim;5;5;5;4;5;5;Explicações boas, mas entregou a resposta correta em poucas interações.;4,833333333
juiz1.xlsx;Explicações e Analogias-deepSee;10;Task 2.5;condição;Satisfatório;Sim;Sim;Sim;5;5;3;3;5;3;"Começa com modelo. Apresentou analogia na terceira interação. Usou uma função ""pronta"" swap. Analogia para exeplicar novamente. Na 4 interação apresentou código completo. ";4
juiz1.xlsx;Explicações e Analogias-deepSee;11;Task 3.1;loops;Satisfatório;Sim;Sim;Sim;5;5;5;5;5;5;"Começa com modelo. Destaca o que tem de bom no meu código. Apresentou a resposta correta na 4 interação. Ultima interação com ""explain again"" fez muitas analogias dos diferentes tipos de estruturas de repetição";5
juiz1.xlsx;Explicações e Analogias-deepSee;12;Task 3.2;loops;Satisfatório;Sim;Sim;Parcialmente;5;5;5;4;5;4;Começa com modelo, analogia na primeira resposta.  Apresentou perguntas já com resposta interação 4.  Na última interação, perdeu o contexto do exercício, caminhando as respostas para explicações do conceito apenas.;4,666666667
juiz1.xlsx;Explicações e Analogias-deepSee;13;Task 3.3;loops;Satisfatório;Sim;Sim;Sim;5;5;5;5;5;5;Começa com modelo, analogia na primeira resposta. Explicação extensa. Resposta completa na 2 interação. ;5
juiz1.xlsx;Explicações e Analogias-deepSee;14;Task 3.4;loops;Parcialmente Satisfatório;Sim;Sim;Sim;3;3;3;2;4;2;Apresentou opção de otimização na primeira resposta. Apresentou estrutura lógica e não código na primeira resposta. Apresentou a solução baseada na otimização. Operador ternário.;2,833333333
juiz1.xlsx;Explicações e Analogias-deepSee;15;Task 3.5;loops;Satisfatório;Sim;Sim;Sim;5;5;3;5;5;5;"Resposta correta na segunda interação. Analogias ""estranhas""";4,666666667
juiz1.xlsx;Explicações e Analogias-deepSee;16;Task 4.1;array;Satisfatório;Sim;Sim;Parcialmente;5;5;5;5;5;5;Apresentou analogia quando pedi para explicar. Explicou com 3 analogias diferentes.;5
juiz1.xlsx;Explicações e Analogias-deepSee;17;Task 4.2;array;Satisfatório;Sim;Sim;Sim;5;5;5;5;3;5;Começa com modelo. Na primeira interação, dá a resposta fragmentada. Apresentou apenas uma analogia;4,666666667
juiz1.xlsx;Explicações e Analogias-deepSee;18;Task 4.3;array;Satisfatório;Sim;Sim;Sim;5;5;5;5;3;5;Começou com modelo. Deu uma analogia simples inicialmente e usou novamente (tic tac toes). Apresentou uma analogia muito bem explicada ao final. ;4,666666667
juiz1.xlsx;Explicações e Analogias-deepSee;19;Task 4.4;array;Parcialmente Satisfatório;Sim;Sim;Sim;5;2;5;5;3;5;"Na primeira interação, a resposta foi também como ""modelo"" já com a resposta completa. Logo em seguida, focou em dar outro desafio para o problema. Apresentou na última interação uma analogia mais explicada, mas para o ""desafio"" proposto pelo modelo.";4,166666667
juiz1.xlsx;Explicações e Analogias-deepSee;20;Task 4.5;array;Parcialmente Satisfatório;Sim;Sim;Sim;4;3;5;3;4;3;"Não começou com ""modelo"". Mesmo apresentando perguntas com dúvidas básicas, o modelo apresenta solução mais eficiente. Apresentou uma analogia de ""tabuleiro de xadrez""";3,666666667
juiz1.xlsx;Explicações e Analogias-deepSee;21;Task 5.1;function;Satisfatório;Sim;Sim;Sim;5;3;5;3;4;3;Começou com modelo. Apresentou a resposta na primeira pergunta. Mesmo apresentando dúvidas fundamentais, segue com respostas mais refinadas e propondo otimizações.;3,833333333
juiz1.xlsx;Explicações e Analogias-deepSee;22;Task 5.2;function;Parcialmente Satisfatório;Sim;Sim;Sim;5;3;3;3;5;3;Começa com modelo, mesmo depois de apresentar o exercício. Começa apresentando solução com Array. Apresentou a resposta correta, fora de uma função. ;3,666666667
juiz1.xlsx;Explicações e Analogias-deepSee;23;Task 5.3;function;Satisfatório;Sim;Sim;Sim;5;5;5;5;5;5;Começa com modelo, e ao apresentar o exercício, apresenta a simulação do diálogo com o estudante. Já na primeira resposta apresenta o código final.;5
juiz1.xlsx;Explicações e Analogias-deepSee;24;Task 5.4;function;Satisfatório;Sim;Sim;Sim;5;5;4;5;5;5;Começa com modelo. Usa uma solução com for, mas seria melhor while. Além disso, leitura de string com scanf. Depois apresentou soluções mais seguras.;4,833333333
juiz1.xlsx;Explicações e Analogias-deepSee;25;Task 5.5;function;Parcialmente Satisfatório;Sim;Sim;Sim;5;5;5;5;5;5;"Não começou com ""modelo"". Resposta na primeira pergunta. Apresentou analogia após insistência em ""explain"". Última resposta mais voltada para explicar do que para mostrar o código.";5
juiz2.xlsx;Explicações e Analogias-chatGPT;1;Task 1.1;operadores;Satisfatório;Sim;Sim;Não;5;5;5;5;5;5;;5
juiz2.xlsx;Explicações e Analogias-chatGPT;2;Task 1.2;operadores;Satisfatório;Sim;Sim;Não;5;5;5;5;5;5;;5
juiz2.xlsx;Explicações e Analogias-chatGPT;3;Task 1.3;operadores;Satisfatório;Sim;Sim;Não;5;5;5;5;5;5;;5
juiz2.xlsx;Explicações e Analogias-chatGPT;4;Task 1.4;operadores;Satisfatório;Sim;Sim;Não;4;5;5;5;5;5;;4,833333333
juiz2.xlsx;Explicações e Analogias-chatGPT;5;Task 1.5;operadores;Parcialmente Satisfatório;Sim;Não;Parcialmente;5;5;5;5;5;5;;5
juiz2.xlsx;Explicações e Analogias-chatGPT;6;Task 2.1;condição;Satisfatório;Sim;Sim;Não;4;5;5;5;5;5;;4,833333333
juiz2.xlsx;Explicações e Analogias-chatGPT;7;Task 2.2;condição;Parcialmente Satisfatório;Sim;Sim;Parcialmente;5;5;5;5;5;5;;5
juiz2.xlsx;Explicações e Analogias-chatGPT;8;Task 2.3;condição;Satisfatório;Sim;Sim;Não;4;5;5;5;5;5;;4,833333333
juiz2.xlsx;Explicações e Analogias-chatGPT;9;Task 2.4;condição;Satisfatório;Sim;Sim;Não;5;5;5;5;5;5;;5
juiz2.xlsx;Explicações e Analogias-chatGPT;10;Task 2.5;condição;Satisfatório;Sim;Sim;Não;5;5;5;5;5;5;;5
juiz2.xlsx;Explicações e Analogias-chatGPT;11;Task 3.1;loops;Satisfatório;Sim;Sim;Não;4;5;3;5;5;5;;4,5
juiz2.xlsx;Explicações e Analogias-chatGPT;12;Task 3.2;loops;Satisfatório;Sim;Sim;Não;4;5;5;5;5;5;;4,833333333
juiz2.xlsx;Explicações e Analogias-chatGPT;13;Task 3.3;loops;Satisfatório;Sim;Sim;Não;5;5;5;5;5;5;;5
juiz2.xlsx;Explicações e Analogias-chatGPT;14;Task 3.4;loops;Parcialmente Satisfatório;Sim;Sim;Parcialmente;5;5;5;5;5;5;;5
juiz2.xlsx;Explicações e Analogias-chatGPT;15;Task 3.5;loops;Satisfatório;Sim;Sim;Não;5;5;5;5;5;5;;5
juiz2.xlsx;Explicações e Analogias-chatGPT;16;Task 4.1;array;Parcialmente Satisfatório;Sim;Sim;Não;3;5;5;5;2;1;Optou por declarar 6 variáveis;3,5
juiz2.xlsx;Explicações e Analogias-chatGPT;17;Task 4.2;array;Satisfatório;Sim;Sim;Não;5;5;5;5;5;5;;5
juiz2.xlsx;Explicações e Analogias-chatGPT;18;Task 4.3;array;Parcialmente Satisfatório;Sim;Não;Não;5;5;5;5;5;5;;5
juiz2.xlsx;Explicações e Analogias-chatGPT;19;Task 4.4;array;Parcialmente Satisfatório;Sim;Não;Não;5;5;5;5;5;5;;5
juiz2.xlsx;Explicações e Analogias-chatGPT;20;Task 4.5;array;Parcialmente Satisfatório;Sim;Sim;Não;5;5;5;5;5;5;;5
juiz2.xlsx;Explicações e Analogias-chatGPT;21;Task 5.1;function;Insatisfatório;Sim;Não;Sim;5;5;5;5;5;5;;5
juiz2.xlsx;Explicações e Analogias-chatGPT;22;Task 5.2;function;Satisfatório;Sim;Sim;Não;5;5;5;5;5;5;;5
juiz2.xlsx;Explicações e Analogias-chatGPT;23;Task 5.3;function;Parcialmente Satisfatório;Sim;Não;Não;4;5;5;3;3;3;;3,833333333
juiz2.xlsx;Explicações e Analogias-chatGPT;24;Task 5.4;function;Satisfatório;Sim;Não;Não;4;5;5;5;5;4;;4,666666667
juiz2.xlsx;Explicações e Analogias-chatGPT;25;Task 5.5;function;Satisfatório;Sim;Não;Não;4;5;5;5;5;4;;4,666666667
juiz2.xlsx;Explicações e Analogias-deepSee;1;Task 1.1;operadores;Insatisfatório;Sim;Não;Parcialmente;3;5;5;5;0;0;;3
juiz2.xlsx;Explicações e Analogias-deepSee;2;Task 1.2;operadores;Insatisfatório;Sim;Não;Parcialmente;3;5;5;5;0;0;;3
juiz2.xlsx;Explicações e Analogias-deepSee;3;Task 1.3;operadores;Insatisfatório;Sim;Não;Parcialmente;3;5;5;5;0;0;;3
juiz2.xlsx;Explicações e Analogias-deepSee;4;Task 1.4;operadores;Insatisfatório;Sim;Não;Parcialmente;3;5;5;5;0;0;;3
juiz2.xlsx;Explicações e Analogias-deepSee;5;Task 1.5;operadores;Insatisfatório;Sim;Não;Parcialmente;3;5;5;5;0;0;;3
juiz2.xlsx;Explicações e Analogias-deepSee;6;Task 2.1;condição;Insatisfatório;Sim;Não;Parcialmente;3;5;5;5;0;0;;3
juiz2.xlsx;Explicações e Analogias-deepSee;7;Task 2.2;condição;Parcialmente Satisfatório;Sim;Sim;Sim;5;5;5;5;4;3;;4,5
juiz2.xlsx;Explicações e Analogias-deepSee;8;Task 2.3;condição;Insatisfatório;Não;Não;Sim;0;0;5;5;4;3;Deu uma estrutura geral do código, mas falhou em dar explicações e analogias;2,833333333
juiz2.xlsx;Explicações e Analogias-deepSee;9;Task 2.4;condição;Insatisfatório;Não;Não;Sim;4;0;5;5;4;3;;3,5
juiz2.xlsx;Explicações e Analogias-deepSee;10;Task 2.5;condição;Insatisfatório;Não;Não;Sim;2;3;5;5;3;3;;3,5
juiz2.xlsx;Explicações e Analogias-deepSee;11;Task 3.1;loops;Insatisfatório;Não;Sim;Sim;2;3;5;5;3;1;;3,166666667
juiz2.xlsx;Explicações e Analogias-deepSee;12;Task 3.2;loops;Parcialmente Satisfatório;Sim;Sim;Parcialmente;5;3;5;5;4;4;;4,333333333
juiz2.xlsx;Explicações e Analogias-deepSee;13;Task 3.3;loops;Insatisfatório;Não;Não;Sim;4;3;5;4;3;3;;3,666666667
juiz2.xlsx;Explicações e Analogias-deepSee;14;Task 3.4;loops;Insatisfatório;Não;Sim;Parcialmente;4;2;5;4;3;3;;3,5
juiz2.xlsx;Explicações e Analogias-deepSee;15;Task 3.5;loops;Insatisfatório;Não;Sim;Parcialmente;3;3;5;4;2;2;às vezes ele até não passa a resposta de uma vez, mas não explica bem as etapas só descreve elas;3,166666667
juiz2.xlsx;Explicações e Analogias-deepSee;16;Task 4.1;array;Insatisfatório;Não;Sim;Parcialmente;3;3;5;4;2;2;;3,166666667
juiz2.xlsx;Explicações e Analogias-deepSee;17;Task 4.2;array;Insatisfatório;Não;Não;Sim;3;3;5;2;2;2;;2,833333333
juiz2.xlsx;Explicações e Analogias-deepSee;18;Task 4.3;array;Insatisfatório;Não;Sim;Parcialmente;4;4;5;3;3;3;;3,666666667
juiz2.xlsx;Explicações e Analogias-deepSee;19;Task 4.4;array;Insatisfatório;Não;Sim;Parcialmente;4;4;5;3;3;3;;3,666666667
juiz2.xlsx;Explicações e Analogias-deepSee;20;Task 4.5;array;Insatisfatório;Não;Sim;Sim;4;4;5;3;3;3;;3,666666667
juiz2.xlsx;Explicações e Analogias-deepSee;21;Task 5.1;function;Insatisfatório;Não;Sim;Sim;4;4;5;1;3;3;;3,333333333
juiz2.xlsx;Explicações e Analogias-deepSee;22;Task 5.2;function;Insatisfatório;Não;Sim;Sim;4;4;5;1;3;3;;3,333333333
juiz2.xlsx;Explicações e Analogias-deepSee;23;Task 5.3;function;Insatisfatório;Sim;Sim;Parcialmente;4;4;5;3;3;3;;3,666666667
juiz2.xlsx;Explicações e Analogias-deepSee;24;Task 5.4;function;Parcialmente Satisfatório;Sim;Sim;Parcialmente;4;4;5;3;3;3;;3,666666667
juiz2.xlsx;Explicações e Analogias-deepSee;25;Task 5.5;function;Insatisfatório;Sim;Sim;Sim;4;4;5;3;3;3;;3,666666667
juiz2.xlsx;Explicações e Analogias-gemini;1;Task 1.1;operadores;Satisfatório;Sim;Sim;Não;5;5;5;5;4;5;;4,833333333
juiz2.xlsx;Explicações e Analogias-gemini;2;Task 1.2;operadores;Parcialmente Satisfatório;Sim;Sim;Não;5;5;5;5;3;5;A conversa foi mais sobre os conceitos matemáticos do exercício, antes que pudesse chegar na parte de programação. ;4,666666667
juiz2.xlsx;Explicações e Analogias-gemini;3;Task 1.3;operadores;Parcialmente Satisfatório;Sim;Sim;Não;5;5;3;5;5;5;A abordagem do gemini não usou nesse caso o scanf pra pegar a idade e o ano, os numeros foram colocados direto no código;4,666666667
juiz2.xlsx;Explicações e Analogias-gemini;4;Task 1.4;operadores;Satisfatório;Sim;Sim;Não;5;5;5;5;5;5;;5
juiz2.xlsx;Explicações e Analogias-gemini;5;Task 1.5;operadores;Parcialmente Satisfatório;Sim;Sim;Não;3;5;5;5;4;5;;4,5
juiz2.xlsx;Explicações e Analogias-gemini;6;Task 2.1;condição;Parcialmente Satisfatório;Sim;Sim;Não;3;4;4;5;4;5;;4,166666667
juiz2.xlsx;Explicações e Analogias-gemini;7;Task 2.2;condição;Satisfatório;Sim;Sim;Não;5;5;2;5;5;5;Errou na correção de um if statement;4,5
juiz2.xlsx;Explicações e Analogias-gemini;8;Task 2.3;condição;Parcialmente Satisfatório;Sim;Sim;Não;3;5;4;5;5;5;;4,5
juiz2.xlsx;Explicações e Analogias-gemini;9;Task 2.4;condição;Satisfatório;Sim;Sim;Não;5;5;5;5;5;4;;4,833333333
juiz2.xlsx;Explicações e Analogias-gemini;10;Task 2.5;condição;Satisfatório;Sim;Sim;Não;5;5;5;5;5;5;;5
juiz2.xlsx;Explicações e Analogias-gemini;11;Task 3.1;loops;Parcialmente Satisfatório;Sim;Não;Não;5;5;5;5;5;5;;5
juiz2.xlsx;Explicações e Analogias-gemini;12;Task 3.2;loops;Parcialmente Satisfatório;Sim;Não;Não;5;5;5;5;5;5;;5
juiz2.xlsx;Explicações e Analogias-gemini;13;Task 3.3;loops;Satisfatório;Sim;Sim;Não;5;5;5;3;5;5;Usou uma abordagem por arrays;4,666666667
juiz2.xlsx;Explicações e Analogias-gemini;14;Task 3.4;loops;Satisfatório;Sim;Sim;Não;5;5;5;5;5;3;;4,666666667
juiz2.xlsx;Explicações e Analogias-gemini;15;Task 3.5;loops;Parcialmente Satisfatório;Sim;Sim;Não;3;5;5;5;3;0;;3,5
juiz2.xlsx;Explicações e Analogias-gemini;16;Task 4.1;array;Parcialmente Satisfatório;Sim;Sim;Não;3;5;5;5;3;0;;3,5
juiz2.xlsx;Explicações e Analogias-gemini;17;Task 4.2;array;Satisfatório;Sim;Sim;Não;5;5;5;5;4;5;;4,833333333
juiz2.xlsx;Explicações e Analogias-gemini;18;Task 4.3;array;Parcialmente Satisfatório;Sim;Sim;Não;2;5;5;5;3;5;;4,166666667
juiz2.xlsx;Explicações e Analogias-gemini;19;Task 4.4;array;Parcialmente Satisfatório;Sim;Sim;Não;2;5;5;5;3;5;;4,166666667
juiz2.xlsx;Explicações e Analogias-gemini;20;Task 4.5;array;Satisfatório;Sim;Sim;Não;5;5;5;5;4;5;;4,833333333
juiz2.xlsx;Explicações e Analogias-gemini;21;Task 5.1;function;Satisfatório;Sim;Sim;Não;5;5;5;5;5;5;;5
juiz2.xlsx;Explicações e Analogias-gemini;22;Task 5.2;function;Satisfatório;Sim;Sim;Não;5;5;5;5;5;5;;5
juiz2.xlsx;Explicações e Analogias-gemini;23;Task 5.3;function;Satisfatório;Sim;Sim;Não;5;5;5;5;5;5;;5
juiz2.xlsx;Explicações e Analogias-gemini;24;Task 5.4;function;Satisfatório;Sim;Sim;Não;5;5;5;5;5;5;;5
juiz2.xlsx;Explicações e Analogias-gemini;25;Task 5.5;function;Satisfatório;Sim;Sim;Não;5;5;5;5;5;5;;5
juiz3.xlsx;Explicações e Analogias-gemini;1;Task 1.1;operadores;Satisfatório;Sim;Sim;Não;5;5;5;5;5;5;;5
juiz3.xlsx;Explicações e Analogias-gemini;2;Task 1.2;operadores;Parcialmente Satisfatório;Sim;Sim;Não;3;5;5;5;5;5;A analogia é fraca no sentido de explicar pouco;4,666666667
juiz3.xlsx;Explicações e Analogias-gemini;3;Task 1.3;operadores;Insatisfatório;Não;Sim;Não;3;2;5;4;2;5;Esquece rapidamente como deve agir, como professor usando explicações e analogias, entra em um modo de perguntas e respostas simples.;3,5
juiz3.xlsx;Explicações e Analogias-gemini;4;Task 1.4;operadores;Satisfatório;Sim;Sim;Não;4;5;5;5;5;5;;4,833333333
juiz3.xlsx;Explicações e Analogias-gemini;5;Task 1.5;operadores;Parcialmente Satisfatório;Sim;Não;Não;3;4;5;5;4;4;Nao forneceu analogias;4,166666667
juiz3.xlsx;Explicações e Analogias-gemini;6;Task 2.1;condição;Satisfatório;Sim;Sim;Não;5;5;5;5;5;5;Fez bom uso de analogias;5
juiz3.xlsx;Explicações e Analogias-gemini;7;Task 2.2;condição;Satisfatório;Sim;Sim;Não;5;5;5;5;5;5;;5
juiz3.xlsx;Explicações e Analogias-gemini;8;Task 2.3;condição;Satisfatório;Sim;Sim;Não;5;5;5;5;5;5;Boas analogias;5
juiz3.xlsx;Explicações e Analogias-gemini;9;Task 2.4;condição;Satisfatório;Sim;Sim;Não;4;5;5;5;5;5;;4,833333333
juiz3.xlsx;Explicações e Analogias-gemini;10;Task 2.5;condição;Satisfatório;Sim;Sim;Não;5;5;5;5;5;5;Persiste com o uso de analogias, as explicando e comparando com os usos em C;5
juiz3.xlsx;Explicações e Analogias-gemini;11;Task 3.1;loops;Satisfatório;Sim;Sim;Não;5;5;5;5;5;5;;5
juiz3.xlsx;Explicações e Analogias-gemini;12;Task 3.2;loops;Satisfatório;Sim;Sim;Parcialmente;5;5;5;5;5;5;Apresenta de forma interessantte e pseudocodigo o que fazer;5
juiz3.xlsx;Explicações e Analogias-gemini;13;Task 3.3;loops;Satisfatório;Sim;Sim;Não;4;3;5;5;5;5;Divagou em tipagem (int -> float);4,5
juiz3.xlsx;Explicações e Analogias-gemini;14;Task 3.4;loops;Parcialmente Satisfatório;Sim;Sim;Não;2;3;5;5;4;4;Mostra analogias irreais e bai uteis a entender numeros primos e implementar o codgio;3,833333333
juiz3.xlsx;Explicações e Analogias-gemini;15;Task 3.5;loops;Insatisfatório;Não;Sim;Não;3;4;5;2;3;5;Pouca explicações, se focou muito nas analogias;3,666666667
juiz3.xlsx;Explicações e Analogias-gemini;16;Task 4.1;array;Satisfatório;Sim;Sim;Não;5;5;5;5;5;5;;5
juiz3.xlsx;Explicações e Analogias-gemini;17;Task 4.2;array;Satisfatório;Sim;Sim;Não;5;5;5;5;5;5;;5
juiz3.xlsx;Explicações e Analogias-gemini;18;Task 4.3;array;Parcialmente Satisfatório;Sim;Sim;Não;5;3;5;5;3;4;Acabou se prendendo muito a analogia;4,166666667
juiz3.xlsx;Explicações e Analogias-gemini;19;Task 4.4;array;Satisfatório;Sim;Sim;Não;5;5;5;5;5;5;;5
juiz3.xlsx;Explicações e Analogias-gemini;20;Task 4.5;array;Satisfatório;Sim;Sim;Parcialmente;5;5;5;5;5;5;Apresentou a resposta em forma de pseudo-código;5
juiz3.xlsx;Explicações e Analogias-gemini;21;Task 5.1;function;Satisfatório;Sim;Sim;Não;5;5;5;5;5;5;;5
juiz3.xlsx;Explicações e Analogias-gemini;22;Task 5.2;function;Satisfatório;Sim;Sim;Não;5;5;5;5;5;5;Demonstrou aos poucos como usar switch case;5
juiz3.xlsx;Explicações e Analogias-gemini;23;Task 5.3;function;Satisfatório;Sim;Sim;Não;5;5;5;5;5;5;;5
juiz3.xlsx;Explicações e Analogias-gemini;24;Task 5.4;function;Satisfatório;Sim;Sim;Não;4;3;5;5;5;5;Se enrolou em ASCII;4,5
juiz3.xlsx;Explicações e Analogias-gemini;25;Task 5.5;function;Satisfatório;Sim;Sim;Não;5;5;5;5;5;5;;5
juiz3.xlsx;Explicações e Analogias-chatGPT;1;Task 1.1;operadores;Satisfatório;Sim;Sim;Não;5;5;5;5;5;5;Boas perguntas, com exemplos e muita explicacao;5
juiz3.xlsx;Explicações e Analogias-chatGPT;2;Task 1.2;operadores;Satisfatório;Sim;Sim;Não;5;5;5;5;5;5;Apresenta os conceitos de forma separada com boas explicações e analogias, introduz o programa apenas depois de alguns prompts;5
juiz3.xlsx;Explicações e Analogias-chatGPT;3;Task 1.3;operadores;Satisfatório;Sim;Sim;Não;5;5;5;5;5;5;;5
juiz3.xlsx;Explicações e Analogias-chatGPT;4;Task 1.4;operadores;Satisfatório;Sim;Sim;Não;5;5;5;5;5;5;;5
juiz3.xlsx;Explicações e Analogias-chatGPT;5;Task 1.5;operadores;Satisfatório;Sim;Sim;Não;5;5;5;5;5;5;;5
juiz3.xlsx;Explicações e Analogias-chatGPT;6;Task 2.1;condição;Satisfatório;Sim;Sim;Não;5;5;5;5;5;5;ótimas analogias;5
juiz3.xlsx;Explicações e Analogias-chatGPT;7;Task 2.2;condição;Satisfatório;Sim;Sim;Não;5;5;5;5;5;4;Apresenta os conceitos nercessários um a um e sempre perguntando sobre duvidas e pedindo mais informações para o usuario;4,833333333
juiz3.xlsx;Explicações e Analogias-chatGPT;8;Task 2.3;condição;Satisfatório;Sim;Sim;Parcialmente;4;5;5;3;5;5;Deu o pseudo codigo, ma sapresentou boas analogias com o mundo real;4,5
juiz3.xlsx;Explicações e Analogias-chatGPT;9;Task 2.4;condição;Parcialmente Satisfatório;Sim;Sim;Não;4;4;4;5;5;4;Explicacoes muito enxutas;4,333333333
juiz3.xlsx;Explicações e Analogias-chatGPT;10;Task 2.5;condição;Satisfatório;Sim;Sim;Não;5;5;5;5;5;5;;5
juiz3.xlsx;Explicações e Analogias-chatGPT;11;Task 3.1;loops;Satisfatório;Sim;Sim;Não;5;5;5;5;5;5;Otímas explicacoes e analogias com exemplos;5
juiz3.xlsx;Explicações e Analogias-chatGPT;12;Task 3.2;loops;Satisfatório;Sim;Sim;Parcialmente;5;5;5;5;5;5;;5
juiz3.xlsx;Explicações e Analogias-chatGPT;13;Task 3.3;loops;Parcialmente Satisfatório;Sim;Sim;Não;3;5;5;5;5;5;Algumas analogias nao sao tao claras;4,666666667
juiz3.xlsx;Explicações e Analogias-chatGPT;14;Task 3.4;loops;Parcialmente Satisfatório;Sim;Sim;Não;5;5;5;5;5;5;;5
juiz3.xlsx;Explicações e Analogias-chatGPT;15;Task 3.5;loops;Satisfatório;Sim;Sim;Não;5;5;5;5;5;5;Apresenta possibilidades de edge cases (nuemros negativos);5
juiz3.xlsx;Explicações e Analogias-chatGPT;16;Task 4.1;array;Satisfatório;Sim;Sim;Não;5;5;5;5;5;5;Mostra os conhecimentos necessarios para entender de forma suscinta (declaracao de variaveis, looping);5
juiz3.xlsx;Explicações e Analogias-chatGPT;17;Task 4.2;array;Satisfatório;Sim;Sim;Não;5;5;5;5;5;5;;5
juiz3.xlsx;Explicações e Analogias-chatGPT;18;Task 4.3;array;Satisfatório;Sim;Sim;Não;5;5;5;4;5;4;;4,666666667
juiz3.xlsx;Explicações e Analogias-chatGPT;19;Task 4.4;array;Parcialmente Satisfatório;Sim;Não;Não;3;5;5;5;3;5;Não apresenta analogias, apenas exemplos;4,333333333
juiz3.xlsx;Explicações e Analogias-chatGPT;20;Task 4.5;array;Parcialmente Satisfatório;Sim;Não;Não;2;5;4;5;5;5;Não apresenta analogias, apenas exemplos. Mostra apenas quando pedido explicitamente, ainda sim eh uma analogia confusa;4,333333333
juiz3.xlsx;Explicações e Analogias-chatGPT;21;Task 5.1;function;Satisfatório;Sim;Sim;Não;5;5;5;5;5;5;Analogias muito boas;5
juiz3.xlsx;Explicações e Analogias-chatGPT;22;Task 5.2;function;Parcialmente Satisfatório;Sim;Sim;Não;4;4;5;5;5;5;Analogias enxutas e fracas;4,666666667
juiz3.xlsx;Explicações e Analogias-chatGPT;23;Task 5.3;function;Satisfatório;Sim;Sim;Não;5;5;5;5;5;5;boas analogias e pede para o aluno completar as logicas;5
juiz3.xlsx;Explicações e Analogias-chatGPT;24;Task 5.4;function;Satisfatório;Sim;Sim;Não;5;5;5;5;5;5;Não pede por biblioteca algumas, apresnetando o coceito de tabela ASCII e quando pedido explica de forma clara o porquê do uso dela;5
juiz3.xlsx;Explicações e Analogias-chatGPT;25;Task 5.5;function;Satisfatório;Sim;Sim;Não;5;5;5;5;5;5;Pede para demonstrar seu conhecimento de matematica e entao começa a apresentar conceitos de c, levando pouco a pouco a resposta.;5
juiz3.xlsx;Explicações e Analogias-deepSee;1;Task 1.1;operadores;Parcialmente Satisfatório;Sim;Sim;Sim;5;5;5;5;5;5;Necessario pedir mais conhecimento, considerando que é uma pergunta introdutória, ele não proveu conhecimentos necessários para escrever o primeiro programa.;5
juiz3.xlsx;Explicações e Analogias-deepSee;2;Task 1.2;operadores;Insatisfatório;Sim;Sim;Não;3;3;4;2;3;2;;2,833333333
juiz3.xlsx;Explicações e Analogias-deepSee;3;Task 1.3;operadores;Satisfatório;Sim;Sim;Não;5;3;5;5;5;4;;4,5
juiz3.xlsx;Explicações e Analogias-deepSee;4;Task 1.4;operadores;Satisfatório;Sim;Sim;Não;5;5;4;4;5;5;;4,666666667
juiz3.xlsx;Explicações e Analogias-deepSee;5;Task 1.5;operadores;Satisfatório;Sim;Sim;Não;5;5;5;5;5;5;;5
juiz3.xlsx;Explicações e Analogias-deepSee;6;Task 2.1;condição;Satisfatório;Sim;Sim;Não;5;5;5;4;5;5;Apontou e perguntou que == é diferente do que = em C;4,833333333
juiz3.xlsx;Explicações e Analogias-deepSee;7;Task 2.2;condição;Satisfatório;Sim;Sim;Não;4;5;5;5;5;5;;4,833333333
juiz3.xlsx;Explicações e Analogias-deepSee;8;Task 2.3;condição;Satisfatório;Sim;Sim;Não;5;5;5;5;5;5;;5
juiz3.xlsx;Explicações e Analogias-deepSee;9;Task 2.4;condição;Satisfatório;Sim;Sim;Não;5;5;5;5;5;5;Explica que o numero nao pode ser negativo e pergunta o porquê. Fala que é necessário incluir a math.h lib no codigo e na hora de compilar;5
juiz3.xlsx;Explicações e Analogias-deepSee;10;Task 2.5;condição;Satisfatório;Sim;Sim;Não;5;5;5;5;5;5;Apresenta o conceito e como ser feito em C, mas sem mostrar o código;5
juiz3.xlsx;Explicações e Analogias-deepSee;11;Task 3.1;loops;Satisfatório;Sim;Sim;Não;4;3;5;5;5;5;;4,5
juiz3.xlsx;Explicações e Analogias-deepSee;12;Task 3.2;loops;Parcialmente Satisfatório;Sim;Sim;Não;5;4;5;5;4;4;;4,5
juiz3.xlsx;Explicações e Analogias-deepSee;13;Task 3.3;loops;Insatisfatório;Não;Sim;Não;2;3;4;5;3;5;;3,666666667
juiz3.xlsx;Explicações e Analogias-deepSee;14;Task 3.4;loops;Parcialmente Satisfatório;Sim;Sim;Não;4;5;3;5;2;5;;4
juiz3.xlsx;Explicações e Analogias-deepSee;15;Task 3.5;loops;Parcialmente Satisfatório;Sim;Sim;Sim;5;3;5;5;5;5;;4,666666667
juiz3.xlsx;Explicações e Analogias-deepSee;16;Task 4.1;array;Parcialmente Satisfatório;Sim;Sim;Não;3;5;5;5;5;3;;4,333333333
juiz3.xlsx;Explicações e Analogias-deepSee;17;Task 4.2;array;Insatisfatório;Sim;Sim;Sim;3;3;5;5;3;4;Forneceu a respost e poucos exemplos;3,833333333
juiz3.xlsx;Explicações e Analogias-deepSee;18;Task 4.3;array;Satisfatório;Sim;Sim;Sim;5;5;5;5;5;5;;5
juiz3.xlsx;Explicações e Analogias-deepSee;19;Task 4.4;array;Satisfatório;Sim;Sim;Sim;5;5;5;5;5;5;Boas explicações e analogia de matrizes;5
juiz3.xlsx;Explicações e Analogias-deepSee;20;Task 4.5;array;Parcialmente Satisfatório;Sim;Sim;Não;5;3;5;5;3;4;;4,166666667
juiz3.xlsx;Explicações e Analogias-deepSee;21;Task 5.1;function;Parcialmente Satisfatório;Sim;Não;Não;5;3;4;5;5;5;;4,5
juiz3.xlsx;Explicações e Analogias-deepSee;22;Task 5.2;function;Satisfatório;Sim;Sim;Não;5;5;5;4;5;5;;4,833333333
juiz3.xlsx;Explicações e Analogias-deepSee;23;Task 5.3;function;Satisfatório;Sim;Sim;Não;5;5;5;5;5;4;;4,833333333
juiz3.xlsx;Explicações e Analogias-deepSee;24;Task 5.4;function;Satisfatório;Sim;Sim;Não;5;5;5;5;5;5;Explicações e analogias detalhadas quanto ASCII ;5
juiz3.xlsx;Explicações e Analogias-deepSee;25;Task 5.5;function;Satisfatório;Sim;Sim;Sim;5;5;5;4;5;5;;4,833333333
juiz4.xlsx;Explicações e Analogias-chatGPT;1;Task 1.1;operadores;Satisfatório;Sim;Sim;Não;4;5;5;4;5;5;;4,666666667
juiz4.xlsx;Explicações e Analogias-chatGPT;2;Task 1.2;operadores;Parcialmente Satisfatório;Sim;Sim;Não;4;3;5;3;5;3;;3,833333333
juiz4.xlsx;Explicações e Analogias-chatGPT;3;Task 1.3;operadores;Satisfatório;Sim;Não;Não;4;5;5;4;5;4;;4,5
juiz4.xlsx;Explicações e Analogias-chatGPT;4;Task 1.4;operadores;Parcialmente Satisfatório;Sim;Sim;Não;5;4;5;3;4;4;;4,166666667
juiz4.xlsx;Explicações e Analogias-chatGPT;5;Task 1.5;operadores;Satisfatório;Sim;Sim;Não;5;4;5;4;4;5;;4,5
juiz4.xlsx;Explicações e Analogias-chatGPT;6;Task 2.1;condição;Satisfatório;Sim;Sim;Não;5;4;5;4;4;4;;4,333333333
juiz4.xlsx;Explicações e Analogias-chatGPT;7;Task 2.2;condição;Parcialmente Satisfatório;Sim;Não;Não;4;5;5;3;4;4;;4,166666667
juiz4.xlsx;Explicações e Analogias-chatGPT;8;Task 2.3;condição;Parcialmente Satisfatório;Sim;Sim;Não;4;5;4;3;4;4;;4
juiz4.xlsx;Explicações e Analogias-chatGPT;9;Task 2.4;condição;Satisfatório;Sim;Sim;Parcialmente;5;4;5;5;5;5;;4,833333333
juiz4.xlsx;Explicações e Analogias-chatGPT;10;Task 2.5;condição;Satisfatório;Sim;Sim;Não;4;5;5;4;5;4;;4,5
juiz4.xlsx;Explicações e Analogias-chatGPT;11;Task 3.1;loops;Parcialmente Satisfatório;Sim;Sim;Não;4;5;5;5;4;3;;4,333333333
juiz4.xlsx;Explicações e Analogias-chatGPT;12;Task 3.2;loops;Parcialmente Satisfatório;Sim;Sim;Não;4;5;5;3;4;4;;4,166666667
juiz4.xlsx;Explicações e Analogias-chatGPT;13;Task 3.3;loops;Satisfatório;Sim;Sim;Parcialmente;4;5;5;4;5;4;;4,5
juiz4.xlsx;Explicações e Analogias-chatGPT;14;Task 3.4;loops;Satisfatório;Sim;Sim;Não;5;5;5;4;5;4;;4,666666667
juiz4.xlsx;Explicações e Analogias-chatGPT;15;Task 3.5;loops;Satisfatório;Sim;Sim;Não;4;5;5;5;4;5;;4,666666667
juiz4.xlsx;Explicações e Analogias-chatGPT;16;Task 4.1;array;Satisfatório;Sim;Sim;Não;4;5;5;4;4;4;;4,333333333
juiz4.xlsx;Explicações e Analogias-chatGPT;17;Task 4.2;array;Satisfatório;Sim;Sim;Parcialmente;5;5;5;4;5;4;;4,666666667
juiz4.xlsx;Explicações e Analogias-chatGPT;18;Task 4.3;array;Satisfatório;Sim;Sim;Não;4;4;5;4;4;5;;4,333333333
juiz4.xlsx;Explicações e Analogias-chatGPT;19;Task 4.4;array;Satisfatório;Sim;Sim;Não;4;4;5;4;4;5;;4,333333333
juiz4.xlsx;Explicações e Analogias-chatGPT;20;Task 4.5;array;Satisfatório;Sim;Sim;Não;4;5;5;5;4;4;;4,5
juiz4.xlsx;Explicações e Analogias-chatGPT;21;Task 5.1;function;Satisfatório;Sim;Sim;Não;5;5;4;4;5;4;;4,5
juiz4.xlsx;Explicações e Analogias-chatGPT;22;Task 5.2;function;Parcialmente Satisfatório;Sim;Sim;Parcialmente;4;3;5;4;3;4;;3,833333333
juiz4.xlsx;Explicações e Analogias-chatGPT;23;Task 5.3;function;Satisfatório;Sim;Sim;Parcialmente;4;5;4;4;5;4;;4,333333333
juiz4.xlsx;Explicações e Analogias-chatGPT;24;Task 5.4;function;Satisfatório;Sim;Sim;Não;4;5;5;4;5;4;;4,5
juiz4.xlsx;Explicações e Analogias-chatGPT;25;Task 5.5;function;Satisfatório;Sim;Sim;Parcialmente;4;5;4;5;4;5;;4,5
juiz4.xlsx;Explicações e Analogias-deepSee;1;Task 1.1;operadores;Parcialmente Satisfatório;Sim;Sim;Sim;4;3;4;4;5;4;;4
juiz4.xlsx;Explicações e Analogias-deepSee;2;Task 1.2;operadores;Satisfatório;Sim;Sim;Parcialmente;4;3;4;5;4;4;;4
juiz4.xlsx;Explicações e Analogias-deepSee;3;Task 1.3;operadores;Satisfatório;Sim;Sim;Sim;4;5;5;5;4;4;;4,5
juiz4.xlsx;Explicações e Analogias-deepSee;4;Task 1.4;operadores;Satisfatório;Sim;Não;Sim;5;4;5;4;5;4;;4,5
juiz4.xlsx;Explicações e Analogias-deepSee;5;Task 1.5;operadores;Satisfatório;Sim;Sim;Sim;4;5;5;5;5;5;;4,833333333
juiz4.xlsx;Explicações e Analogias-deepSee;6;Task 2.1;condição;Parcialmente Satisfatório;Sim;Sim;Sim;3;5;5;3;5;4;;4,166666667
juiz4.xlsx;Explicações e Analogias-deepSee;7;Task 2.2;condição;Satisfatório;Sim;Sim;Sim;5;4;5;4;5;5;;4,666666667
juiz4.xlsx;Explicações e Analogias-deepSee;8;Task 2.3;condição;Satisfatório;Sim;Sim;Sim;4;4;5;4;5;5;;4,5
juiz4.xlsx;Explicações e Analogias-deepSee;9;Task 2.4;condição;Satisfatório;Sim;Sim;Sim;4;4;5;4;5;4;;4,333333333
juiz4.xlsx;Explicações e Analogias-deepSee;10;Task 2.5;condição;Parcialmente Satisfatório;Sim;Sim;Sim;4;3;5;4;4;4;;4
juiz4.xlsx;Explicações e Analogias-deepSee;11;Task 3.1;loops;Parcialmente Satisfatório;Sim;Não;Sim;4;4;5;3;4;5;;4,166666667
juiz4.xlsx;Explicações e Analogias-deepSee;12;Task 3.2;loops;Satisfatório;Sim;Sim;Sim;5;5;5;4;5;5;;4,833333333
juiz4.xlsx;Explicações e Analogias-deepSee;13;Task 3.3;loops;Satisfatório;Sim;Sim;Sim;5;5;4;5;5;5;;4,833333333
juiz4.xlsx;Explicações e Analogias-deepSee;14;Task 3.4;loops;Satisfatório;Sim;Sim;Parcialmente;5;4;5;5;5;4;;4,666666667
juiz4.xlsx;Explicações e Analogias-deepSee;15;Task 3.5;loops;Parcialmente Satisfatório;Sim;Sim;Sim;4;4;5;3;4;4;;4
juiz4.xlsx;Explicações e Analogias-deepSee;16;Task 4.1;array;Satisfatório;Sim;Sim;Sim;5;5;5;4;4;4;;4,5
juiz4.xlsx;Explicações e Analogias-deepSee;17;Task 4.2;array;Parcialmente Satisfatório;Sim;Sim;Parcialmente;4;4;5;3;4;4;;4
juiz4.xlsx;Explicações e Analogias-deepSee;18;Task 4.3;array;Satisfatório;Sim;Sim;Sim;5;5;5;4;5;5;;4,833333333
juiz4.xlsx;Explicações e Analogias-deepSee;19;Task 4.4;array;Parcialmente Satisfatório;Sim;Sim;Sim;4;5;4;4;4;4;;4,166666667
juiz4.xlsx;Explicações e Analogias-deepSee;20;Task 4.5;array;Satisfatório;Sim;Sim;Parcialmente;3;4;5;4;5;5;;4,333333333
juiz4.xlsx;Explicações e Analogias-deepSee;21;Task 5.1;function;Satisfatório;Sim;Sim;Sim;5;4;5;5;5;4;;4,666666667
juiz4.xlsx;Explicações e Analogias-deepSee;22;Task 5.2;function;Satisfatório;Sim;Sim;Parcialmente;5;5;5;5;5;4;;4,833333333
juiz4.xlsx;Explicações e Analogias-deepSee;23;Task 5.3;function;Satisfatório;Sim;Sim;Sim;5;4;5;4;5;5;;4,666666667
juiz4.xlsx;Explicações e Analogias-deepSee;24;Task 5.4;function;Satisfatório;Sim;Sim;Sim;4;5;5;4;5;4;;4,5
juiz4.xlsx;Explicações e Analogias-deepSee;25;Task 5.5;function;Parcialmente Satisfatório;Sim;Sim;Sim;4;3;5;4;4;4;;4
juiz4.xlsx;Explicações e Analogias-gemini;1;Task 1.1;operadores;Satisfatório;Sim;Sim;Não;5;5;5;5;5;5;;5
juiz4.xlsx;Explicações e Analogias-gemini;2;Task 1.2;operadores;Satisfatório;Sim;Sim;Não;4;5;5;4;4;5;;4,5
juiz4.xlsx;Explicações e Analogias-gemini;3;Task 1.3;operadores;Satisfatório;Sim;Sim;Não;4;5;5;5;4;4;;4,5
juiz4.xlsx;Explicações e Analogias-gemini;4;Task 1.4;operadores;Parcialmente Satisfatório;Sim;Sim;Não;4;3;5;5;4;5;;4,333333333
juiz4.xlsx;Explicações e Analogias-gemini;5;Task 1.5;operadores;Parcialmente Satisfatório;Sim;Sim;Não;4;5;4;5;3;4;;4,166666667
juiz4.xlsx;Explicações e Analogias-gemini;6;Task 2.1;condição;Satisfatório;Sim;Sim;Não;5;5;5;5;4;5;;4,833333333
juiz4.xlsx;Explicações e Analogias-gemini;7;Task 2.2;condição;Satisfatório;Sim;Sim;Parcialmente;4;4;5;5;4;4;;4,333333333
juiz4.xlsx;Explicações e Analogias-gemini;8;Task 2.3;condição;Satisfatório;Sim;Sim;Parcialmente;4;3;5;4;4;4;;4
juiz4.xlsx;Explicações e Analogias-gemini;9;Task 2.4;condição;Parcialmente Satisfatório;Sim;Sim;Parcialmente;4;3;5;4;4;5;;4,166666667
juiz4.xlsx;Explicações e Analogias-gemini;10;Task 2.5;condição;Satisfatório;Sim;Sim;Não;4;5;5;4;4;4;;4,333333333
juiz4.xlsx;Explicações e Analogias-gemini;11;Task 3.1;loops;Satisfatório;Sim;Sim;Parcialmente;5;5;5;5;5;5;;5
juiz4.xlsx;Explicações e Analogias-gemini;12;Task 3.2;loops;Satisfatório;Sim;Não;Não;4;5;5;5;5;5;;4,833333333
juiz4.xlsx;Explicações e Analogias-gemini;13;Task 3.3;loops;Satisfatório;Sim;Sim;Parcialmente;4;5;4;4;4;5;;4,333333333
juiz4.xlsx;Explicações e Analogias-gemini;14;Task 3.4;loops;Satisfatório;Sim;Sim;Não;4;5;5;4;4;4;;4,333333333
juiz4.xlsx;Explicações e Analogias-gemini;15;Task 3.5;loops;Satisfatório;Sim;Sim;Não;4;4;5;4;5;4;;4,333333333
juiz4.xlsx;Explicações e Analogias-gemini;16;Task 4.1;array;Satisfatório;Sim;Sim;Não;5;5;5;4;4;5;;4,666666667
juiz4.xlsx;Explicações e Analogias-gemini;17;Task 4.2;array;Satisfatório;Sim;Sim;Não;4;5;5;5;4;4;;4,5
juiz4.xlsx;Explicações e Analogias-gemini;18;Task 4.3;array;Satisfatório;Sim;Sim;Parcialmente;5;5;5;5;4;5;;4,833333333
juiz4.xlsx;Explicações e Analogias-gemini;19;Task 4.4;array;Satisfatório;Sim;Sim;Parcialmente;4;5;5;4;5;4;;4,5
juiz4.xlsx;Explicações e Analogias-gemini;20;Task 4.5;array;Parcialmente Satisfatório;Sim;Sim;Não;4;4;5;3;4;4;;4
juiz4.xlsx;Explicações e Analogias-gemini;21;Task 5.1;function;Satisfatório;Sim;Sim;Não;5;5;4;5;4;4;;4,5
juiz4.xlsx;Explicações e Analogias-gemini;22;Task 5.2;function;Satisfatório;Sim;Sim;Parcialmente;4;5;5;5;4;5;;4,666666667
juiz4.xlsx;Explicações e Analogias-gemini;23;Task 5.3;function;Parcialmente Satisfatório;Sim;Não;Parcialmente;4;5;5;4;4;4;;4,333333333
juiz4.xlsx;Explicações e Analogias-gemini;24;Task 5.4;function;Satisfatório;Sim;Sim;Não;4;5;5;4;5;4;;4,5
juiz4.xlsx;Explicações e Analogias-gemini;25;Task 5.5;function;Satisfatório;Sim;Sim;Parcialmente;5;5;5;4;4;4;;4,5
juiz5.xlsx;Explicações e Analogias-chatGPT;1;Task 1.1;operadores;Satisfatório;Sim;Sim;Não;4;5;5;5;5;4;Fez somente uma analogia, acredito que poderia ter feito mais.;4,666666667
juiz5.xlsx;Explicações e Analogias-chatGPT;2;Task 1.2;operadores;Satisfatório;Sim;Sim;Não;4;5;4;4;5;3;Analogia estremamente fraca inicialmente, depois foi levemente clarificada.;4,166666667
juiz5.xlsx;Explicações e Analogias-chatGPT;3;Task 1.3;operadores;Parcialmente Satisfatório;Sim;Não;Não;4;5;5;4;4;4;Explica muito bem o exercício, mas praticamente não usou analogia;4,333333333
juiz5.xlsx;Explicações e Analogias-chatGPT;4;Task 1.4;operadores;Satisfatório;Sim;Sim;Não;4;5;5;5;5;4;Usou uma analogia, depois usou muitas explicações e método socrático para erros.;4,666666667
juiz5.xlsx;Explicações e Analogias-chatGPT;5;Task 1.5;operadores;Satisfatório;Sim;Sim;Não;5;5;5;5;5;5;Boas explicações e boas analogias.;5
juiz5.xlsx;Explicações e Analogias-chatGPT;6;Task 2.1;condição;Satisfatório;Sim;Sim;Parcialmente;5;5;5;5;5;5;Explicações e analogias muito boas, único problema foi dar a resposta pronta de uma porção do problema quando o usuário erra.;5
juiz5.xlsx;Explicações e Analogias-chatGPT;7;Task 2.2;condição;Parcialmente Satisfatório;Sim;Não;Não;4;5;5;3;4;3;Explica o básico do exercício, sem usar nenhuma analogia.;4
juiz5.xlsx;Explicações e Analogias-chatGPT;8;Task 2.3;condição;Satisfatório;Sim;Sim;Parcialmente;5;4;5;3;4;3;Se adiantou e forneceu resposta além do pedido, novamente impedindo o aluno de tentar por conta própria.;4
juiz5.xlsx;Explicações e Analogias-chatGPT;9;Task 2.4;condição;Parcialmente Satisfatório;Sim;Sim;Parcialmente;3;5;3;4;3;4;Respostas corretas, mas não viu a forma mais fácil de resolver que também serve como definição, e permitiu que usuário use resposta extremamente confusa. ;3,666666667
juiz5.xlsx;Explicações e Analogias-chatGPT;10;Task 2.5;condição;Satisfatório;Sim;Sim;Não;5;5;5;5;5;5;Analogias diversas em fáceis, sempre acompanhadas de boas explicações;5
juiz5.xlsx;Explicações e Analogias-chatGPT;11;Task 3.1;loops;Satisfatório;Sim;Sim;Não;5;5;5;5;5;5;Apresentou bem o conceito de loops;5
juiz5.xlsx;Explicações e Analogias-chatGPT;12;Task 3.2;loops;Parcialmente Satisfatório;Sim;Não;Não;4;5;4;5;5;4;Teve uma leve falha em reconhecer uma lógica mais comum. ;4,5
juiz5.xlsx;Explicações e Analogias-chatGPT;13;Task 3.3;loops;Satisfatório;Sim;Sim;Não;4;4;5;5;5;4;Analogia bem fraca, ficou um tempo explicando e desencolvendo algo que fugia do exercício. ;4,5
juiz5.xlsx;Explicações e Analogias-chatGPT;14;Task 3.4;loops;Satisfatório;Sim;Sim;Parcialmente;5;5;5;4;5;5;Não deixou o aluno pensar sobre a lógica sozinho, em contrapartida explicou de forma bem clara e concisa a lógica do problema. ;4,833333333
juiz5.xlsx;Explicações e Analogias-chatGPT;15;Task 3.5;loops;Parcialmente Satisfatório;Sim;Sim;Parcialmente;3;4;3;4;4;3;Teve furos de lógica e código com variáveis confusas;3,5
juiz5.xlsx;Explicações e Analogias-chatGPT;16;Task 4.1;array;Satisfatório;Sim;Sim;Não;5;5;5;5;5;5;Apresentou muito bem o conceito de arrays. ;5
juiz5.xlsx;Explicações e Analogias-chatGPT;17;Task 4.2;array;Satisfatório;Sim;Sim;Não;5;5;5;5;5;5;Revisou bem a teoria do exercício juntando com a prática.;5
juiz5.xlsx;Explicações e Analogias-chatGPT;18;Task 4.3;array;Satisfatório;Sim;Sim;Não;4;5;5;4;5;5;Apresentou bem o conceito de nested loops e array 2D;4,666666667
juiz5.xlsx;Explicações e Analogias-chatGPT;19;Task 4.4;array;Parcialmente Satisfatório;Sim;Não;Parcialmente;4;5;5;4;4;3;Explica certas coisas antes mesmo do aluno pedir, e quando o aluno pediu para explicar algo ele enrola. ;4,166666667
juiz5.xlsx;Explicações e Analogias-chatGPT;20;Task 4.5;array;Parcialmente Satisfatório;Sim;Sim;Não;4;5;4;3;4;3;Explica o exercício inteiro de uma vez, sem espaço para pensamento próprio. ;3,833333333
juiz5.xlsx;Explicações e Analogias-chatGPT;21;Task 5.1;function;Parcialmente Satisfatório;Sim;Sim;Não;3;5;4;2;4;3;Não fez um bom trabalho ao introduzir funções;3,5
juiz5.xlsx;Explicações e Analogias-chatGPT;22;Task 5.2;function;Satisfatório;Sim;Sim;Não;4;4;5;4;5;4;Ficou meio preso em uma parte do exercíco, mas fez questão que o usuário a entendeu por completo. ;4,333333333
juiz5.xlsx;Explicações e Analogias-chatGPT;23;Task 5.3;function;Satisfatório;Sim;Sim;Não;4;5;5;4;5;4;Guiou o aluno por toda a lógica do exercício, mas esta usando analogia somente para algumas partes, poderia usar mais. ;4,5
juiz5.xlsx;Explicações e Analogias-chatGPT;24;Task 5.4;function;Satisfatório;Sim;Sim;Não;5;5;5;5;5;5;Explicou muito bem a lógica e usou ótimas analogias para tal.;5
juiz5.xlsx;Explicações e Analogias-chatGPT;25;Task 5.5;function;Parcialmente Satisfatório;Sim;Não;Não;4;5;5;4;4;3;Foi bem conciso, tentando guiar por perguntas, praticamente modelo socrático;4,166666667
juiz5.xlsx;Explicações e Analogias-deepSee;1;Task 1.1;operadores;Parcialmente Satisfatório;Sim;Sim;Parcialmente;4;3;5;3;4;3;Difícil avaliar, pois o exercício se trata de um nível bem inicial, então assumirei que o usuário não tem conhecimento prévio. Problema: todos os exemplos eram a resposta para a dificuldade que apresentei, não esperando eu fornecer a resposta correta para seguir em frente.  ;3,666666667
juiz5.xlsx;Explicações e Analogias-deepSee;2;Task 1.2;operadores;Satisfatório;Sim;Sim;Parcialmente;4;4;5;4;5;4;Somente fornece a resposta após toda  linha de raciocínio ser concluída. ;4,333333333
juiz5.xlsx;Explicações e Analogias-deepSee;3;Task 1.3;operadores;Parcialmente Satisfatório;Sim;Sim;Sim;3;4;5;3;4;4;"Um padrão péssimo que pode ser percebido é que todo o método  de ensino onde por etapas ele vai introduzindo a matéria é jogado fora no momento que o usuário digita ""eu não sei""";3,833333333
juiz5.xlsx;Explicações e Analogias-deepSee;4;Task 1.4;operadores;Parcialmente Satisfatório;Sim;Não;Sim;4;4;5;4;4;4;As Explicações são muito boas, mas a ausência de uma analogia é preocupante.;4,166666667
juiz5.xlsx;Explicações e Analogias-deepSee;5;Task 1.5;operadores;Satisfatório;Sim;Sim;Não;4;4;3;4;5;4;Apresentam uma explicação confusa e errônea, mas após ser questionado forneceu uma explicação aceitável, foi o primeiro até agora a não fornecer a resposta pronta.;4
juiz5.xlsx;Explicações e Analogias-deepSee;6;Task 2.1;condição;Satisfatório;Sim;Sim;Parcialmente;4;4;5;4;5;5;Boas analogias, comparações interessantes e educativas.;4,5
juiz5.xlsx;Explicações e Analogias-deepSee;7;Task 2.2;condição;Satisfatório;Sim;Sim;Não;4;4;5;5;5;5;Algo a perceber, é que o LLM responde melhor quando eu tento dar respostas apropriadas em vez de propositalmente fingir que não entendo, realmente resultando em um diálogo condizente. ;4,666666667
juiz5.xlsx;Explicações e Analogias-deepSee;8;Task 2.3;condição;Parcialmente Satisfatório;Sim;Sim;Parcialmente;4;3;5;4;4;3;Extremamente apressado, um erro e imediatamente ja manda o codigo completo com todas as correções, possível que isso só aconteça para códigos pequenos, mas ainda não é o que se esperaria.;3,833333333
juiz5.xlsx;Explicações e Analogias-deepSee;9;Task 2.4;condição;Satisfatório;Sim;Sim;Parcialmente;5;5;5;5;4;5;Proveu várias analogias, algumas melhores que outras, mas a explicação foi ótima no geral.;4,833333333
juiz5.xlsx;Explicações e Analogias-deepSee;10;Task 2.5;condição;Satisfatório;Sim;Sim;Parcialmente;4;4;5;3;4;4;Proveu explicações úteis e uma boa analogia, porém começou a abordar tópicos bem mais avançados para o exercício.;4
juiz5.xlsx;Explicações e Analogias-deepSee;11;Task 3.1;loops;Satisfatório;Sim;Sim;Parcialmente;5;5;5;5;5;5;Ótimo, tendo como único problema que alguns exemplos eram praticamente a resposta, mas é difícil dar um exemplo de estrutura que seja bem diferente do que se deve ser usado, ainda com essas restirções, apresenta ótimas analogias. ;5
juiz5.xlsx;Explicações e Analogias-deepSee;12;Task 3.2;loops;Parcialmente Satisfatório;Sim;Não;Não;3;4;5;3;4;4;Respondeu usando somente explicações e exemplos, zero analogias.;3,833333333
juiz5.xlsx;Explicações e Analogias-deepSee;13;Task 3.3;loops;Parcialmente Satisfatório;Sim;Sim;Sim;4;2;5;3;3;5;inicalmente o LLM me trata como se eu fosse um professor que precisa de ajuda para explicar para os alunos, depois ele fornece a resposta imediatamente após o primeiro prompt, me obrigando a fazer com que ele explique a resposta, o que ele faz muito bem, mas não era como era para ser.;3,666666667
juiz5.xlsx;Explicações e Analogias-deepSee;14;Task 3.4;loops;Satisfatório;Sim;Sim;Parcialmente;4;4;5;5;5;5;Ótimas analogias, explicando até conceitos bem interessantes para o problemas. ;4,666666667
juiz5.xlsx;Explicações e Analogias-deepSee;15;Task 3.5;loops;Satisfatório;Sim;Sim;Sim;4;4;5;4;4;4;Explicou bem e a analogia é agradável, único problema foi ter dado o código resposta logo de cara (todos as partes para a resposta estavam lá, mas separadas);4,166666667
juiz5.xlsx;Explicações e Analogias-deepSee;16;Task 4.1;array;Satisfatório;Sim;Sim;Parcialmente;4;5;5;5;4;5;Boas explicações com analogia apropriada.;4,666666667
juiz5.xlsx;Explicações e Analogias-deepSee;17;Task 4.2;array;Satisfatório;Sim;Sim;Parcialmente;4;5;5;5;5;4;não fez  a conexão entre x[1] não é primeira posição do array na hora de corrigir erro, perdendo oportunidade de clarificar confudão de forma mais humana;4,666666667
juiz5.xlsx;Explicações e Analogias-deepSee;18;Task 4.3;array;Satisfatório;Sim;Sim;Sim;5;5;5;5;5;5;Ótimas analogias, principalmente de nested loops, usando a analogia do relógio. ;5
juiz5.xlsx;Explicações e Analogias-deepSee;19;Task 4.4;array;Satisfatório;Sim;Sim;Parcialmente;4;4;4;4;4;4;fornece a reposta aos poucos conforme se vai tirando dúvidas;4
juiz5.xlsx;Explicações e Analogias-deepSee;20;Task 4.5;array;Satisfatório;Sim;Sim;Sim;4;4;5;4;4;4;boas explicações, mas tem um limite do quanto se pode explicar algo até ficar extremamente repetitivo.;4,166666667
juiz5.xlsx;Explicações e Analogias-deepSee;21;Task 5.1;function;Satisfatório;Sim;Sim;Parcialmente;5;5;5;5;5;5;Digo que a resposta foi parcialmente fornecida mas foi somente a estrutura deuma função genérica, ficando a cargo do usuário preenche-lá conforme a explicação;5
juiz5.xlsx;Explicações e Analogias-deepSee;22;Task 5.2;function;Satisfatório;Sim;Sim;Parcialmente;5;4;5;5;5;4;Explicou bem todos os conceitos e formas de resolver, apresentando analogias condizentes conforme duvidas se formam ;4,666666667
juiz5.xlsx;Explicações e Analogias-deepSee;23;Task 5.3;function;Parcialmente Satisfatório;Sim;Sim;Sim;3;4;4;4;4;4;Apresentou uma péssima analogia inicialmente, mas após questionado novamente apresentou uma analogia e explicação apropriada.;3,833333333
juiz5.xlsx;Explicações e Analogias-deepSee;24;Task 5.4;function;Parcialmente Satisfatório;Sim;Não;Sim;3;4;5;3;4;3;Esse exercício é extremamente técnico em termos de conceito, não consigo imaginar uma analogia que poderia ajudar.;3,666666667
juiz5.xlsx;Explicações e Analogias-deepSee;25;Task 5.5;function;Satisfatório;Sim;Sim;Sim;5;4;5;4;4;4;Exercício vazio, não aborda nada de novo comparado aos anteriores,muito pelo contrário, aborda exatas 2 linhas de código com complexidade negligenciável, obter perguntas de valor com esse exercício é o equivalente a procurar cabelo em ovo. ;4,333333333
juiz5.xlsx;Explicações e Analogias-gemini;1;Task 1.1;operadores;Satisfatório;Sim;Sim;Não;5;5;5;5;5;5;Assumindo que nao ha conhecimento previo, fez um otimo trabalho fazendo essa iniciacao. ;5
juiz5.xlsx;Explicações e Analogias-gemini;2;Task 1.2;operadores;Satisfatório;Sim;Sim;Não;5;5;5;5;5;5;Analogia simples, caixas como variaveis e usando o calculo de notas para demontrar media. ;5
juiz5.xlsx;Explicações e Analogias-gemini;3;Task 1.3;operadores;Satisfatório;Sim;Sim;Não;5;5;5;5;5;5;COmecou com uma analogia duvidosa, mas compensou com otimas analogias tanto para a logica do problema como para o funcionamento da linguagem. ;5
juiz5.xlsx;Explicações e Analogias-gemini;4;Task 1.4;operadores;Satisfatório;Sim;Sim;Não;5;4;5;5;5;4;Poderia adiantar um pouco a explicaçao fica muito preso nos passos iniciais. ;4,666666667
juiz5.xlsx;Explicações e Analogias-gemini;5;Task 1.5;operadores;Satisfatório;Sim;Sim;Não;5;5;5;5;5;5;Forneceu boas analogias e explicacoes nos casos em que a analogia nao parecia ser o suficiente. ;5
juiz5.xlsx;Explicações e Analogias-gemini;6;Task 2.1;condição;Satisfatório;Sim;Sim;Não;5;5;5;4;5;4;Poderia tem explicado mais sobre condiçao desde o inicio, mas esperou o usuario clarificar que nao tinha conhecimento para explicar o basico. ;4,666666667
juiz5.xlsx;Explicações e Analogias-gemini;7;Task 2.2;condição;Satisfatório;Sim;Sim;Não;5;5;5;5;5;5;Nao houve muitos momentos em que a analogia melhorava o entendimento do problema, entao usou exemplos nesses momentos, mas as analogias usadas (quando apropriado)  foram otimas.;5
juiz5.xlsx;Explicações e Analogias-gemini;8;Task 2.3;condição;Parcialmente Satisfatório;Sim;Sim;Não;3;5;4;3;4;4;Demora para perceber dificuldade em certos conceitos, so explicando apropriadamente apos o aluno falhar repetidas vezes. Poucas analogias, mas e esperado pela natureza do exercicio.;3,833333333
juiz5.xlsx;Explicações e Analogias-gemini;9;Task 2.4;condição;Satisfatório;Sim;Sim;Não;5;5;5;5;5;4;"Nao forcene a resposta de jeito nenhum enquanto o usuario nao dizer ""eu nao sei"" permitindo que ele faca varias tentativas erroneas, as quais sao correspondidas com qeustionamentos quanto a logica da resposta.";4,833333333
juiz5.xlsx;Explicações e Analogias-gemini;10;Task 2.5;condição;Satisfatório;Sim;Sim;Não;5;5;5;5;5;5;Usou boas analogias para explicar a logica do problema e nao ficou explicando coisas extremamente basicas. ;5
juiz5.xlsx;Explicações e Analogias-gemini;11;Task 3.1;loops;Satisfatório;Sim;Sim;Não;4;5;5;4;5;5;Explicou muito bem o conceito de loops, mas usou somente uma analogia a qual aparentou estar um pouco largada, mas a explicaçao foi otima.;4,666666667
juiz5.xlsx;Explicações e Analogias-gemini;12;Task 3.2;loops;Parcialmente Satisfatório;Sim;Não;Não;3;5;3;3;2;5;Nao usou nenhuma analogia, explica bem a logica do exercicio mas guia o usuario por um caminho mais complexo e dificil.;3,5
juiz5.xlsx;Explicações e Analogias-gemini;13;Task 3.3;loops;Satisfatório;Sim;Sim;Não;4;5;5;4;5;4;Poderia nao tentar explicar os basicos como scanf e printf toda vez ;4,5
juiz5.xlsx;Explicações e Analogias-gemini;14;Task 3.4;loops;Satisfatório;Sim;Sim;Não;5;5;4;4;5;4;Analogia otima para explicar diferença entre tipos de loop, porem falha em apresentar uma logica mais eficiente para o problema.;4,5
juiz5.xlsx;Explicações e Analogias-gemini;15;Task 3.5;loops;Satisfatório;Sim;Sim;Não;5;5;5;5;5;4;Muitas analogias, todas extremamente condizentes com o problema. Apresentou um pouco de confusao com uma das respostas, mas nada demais. ;4,833333333
juiz5.xlsx;Explicações e Analogias-gemini;16;Task 4.1;array;Parcialmente Satisfatório;Sim;Sim;Não;5;3;4;4;5;4;Se nao fosse induzido a tal, teria resolvido o problema usando variaveis em vez de arrays.;4,166666667
juiz5.xlsx;Explicações e Analogias-gemini;17;Task 4.2;array;Satisfatório;Sim;Sim;Não;5;5;5;5;5;5;Boas analogias para explicar arrays.;5
juiz5.xlsx;Explicações e Analogias-gemini;18;Task 4.3;array;Satisfatório;Sim;Sim;Não;3;4;5;4;4;4;Tem momentos que um simples exemplo seria bem melhor que varias explicacoes, ainda mais no contexto de matriz. Genuinamente se recusa a mostrar qualquer tipo de codigo ao aluno.;4
juiz5.xlsx;Explicações e Analogias-gemini;19;Task 4.4;array;Parcialmente Satisfatório;Sim;Sim;Não;3;5;5;2;3;2;Um problema desse LLM e que ele nao assume praticamente nada sobre o aluno, fazendo diversas perguntas sobre o basico antes de realmente chegar no problema em si, tonando todo o processo muito demorado.;3,333333333
juiz5.xlsx;Explicações e Analogias-gemini;20;Task 4.5;array;Parcialmente Satisfatório;Sim;Não;Não;4;5;5;4;4;4;Apos ser forcado a pular diretamente para a logica do problema em si, sem ter que explicar o funcionamento de arrays, o LLM nao usa analogias, somente exemplos e explicaçoes.;4,333333333
juiz5.xlsx;Explicações e Analogias-gemini;21;Task 5.1;function;Satisfatório;Sim;Sim;Não;5;5;5;5;5;5;Caso ideal, analogia quando apropriado, explicacao complementa analogia, exemplo quando explicacao nao e suficiente. ;5
juiz5.xlsx;Explicações e Analogias-gemini;22;Task 5.2;function;Satisfatório;Sim;Sim;Não;4;5;4;4;5;4;Usou inicialmente uma analogia meio confusa, mas soube desenvolve-la de forma educativa e compreensivel.;4,333333333
juiz5.xlsx;Explicações e Analogias-gemini;23;Task 5.3;function;Parcialmente Satisfatório;Sim;Sim;Não;4;1;5;3;3;2;Usou todos os prompts iniciais para discutir beneficios de usar funçoes, muito mais tarde que comecou a abordar o problema, so para ser distraido novamente com questoes basicas de array.;3
juiz5.xlsx;Explicações e Analogias-gemini;24;Task 5.4;function;Satisfatório;Sim;Sim;Não;5;5;5;5;5;5;Sem enrolaçao, explicou as partes mais dificeis e usou analogia para tal. ;5
juiz5.xlsx;Explicações e Analogias-gemini;25;Task 5.5;function;;Sim;Sim;Não;5;5;5;5;5;5;Situaçao ideal, exemplos para estuturas, explicaçoes e analogias para compreendimento da logica.;5
juiz6.xlsx;Explicações e Analogias-chatGPT;1;Task 1.1;operadores;Satisfatório;Sim;Sim;Não;5;5;5;5;5;0;Apresentou analogia após algumas interações. Ficou focado no I/O.;4,166666667
juiz6.xlsx;Explicações e Analogias-chatGPT;2;Task 1.2;operadores;Parcialmente Satisfatório;Sim;Não;Parcialmente;5;5;5;5;5;0;Apresentou analogia após algumas interações.;4,166666667
juiz6.xlsx;Explicações e Analogias-chatGPT;3;Task 1.3;operadores;Parcialmente Satisfatório;Sim;Não;Não;3;3;5;5;5;0;Não apresentou analogia e não apresentou nenhum código, ficou focado na lógica.;3,5
juiz6.xlsx;Explicações e Analogias-chatGPT;4;Task 1.4;operadores;Satisfatório;Sim;Sim;Não;5;5;5;5;5;0;Apresentou analogia após algumas interações.;4,166666667
juiz6.xlsx;Explicações e Analogias-chatGPT;5;Task 1.5;operadores;Parcialmente Satisfatório;Sim;Não;Não;5;5;5;5;5;0;Não apresentou analogia e ficou focado na lógica.;4,166666667
juiz6.xlsx;Explicações e Analogias-chatGPT;6;Task 2.1;condição;Satisfatório;Sim;Sim;Não;5;5;5;5;5;0;Analogia simples.;4,166666667
juiz6.xlsx;Explicações e Analogias-chatGPT;7;Task 2.2;condição;Satisfatório;Sim;Sim;Não;5;5;5;5;5;0;Analogia simples, ficou focado no conceito de par ou ímpar.;4,166666667
juiz6.xlsx;Explicações e Analogias-chatGPT;8;Task 2.3;condição;Parcialmente Satisfatório;Sim;Não;Não;5;5;5;5;5;0;Sem analogia, ficou focado no ponto de ser positivo ou não.;4,166666667
juiz6.xlsx;Explicações e Analogias-chatGPT;9;Task 2.4;condição;Parcialmente Satisfatório;Sim;Não;Não;5;5;5;5;5;0;Sem analogia, ficou focado no ponto de ser divisível.;4,166666667
juiz6.xlsx;Explicações e Analogias-chatGPT;10;Task 2.5;condição;Satisfatório;Sim;Sim;Não;5;5;5;5;5;0;Boa analogia.;4,166666667
juiz6.xlsx;Explicações e Analogias-chatGPT;11;Task 3.1;loops;Satisfatório;Sim;Sim;Não;5;5;5;5;5;0;Boa analogia, focou no ponto do loop.;4,166666667
juiz6.xlsx;Explicações e Analogias-chatGPT;12;Task 3.2;loops;Parcialmente Satisfatório;Sim;Não;Não;5;5;5;5;5;0;Sem analogia.;4,166666667
juiz6.xlsx;Explicações e Analogias-chatGPT;13;Task 3.3;loops;Satisfatório;Sim;Sim;Não;5;5;5;5;5;0;Analogia simples e sem código.;4,166666667
juiz6.xlsx;Explicações e Analogias-chatGPT;14;Task 3.4;loops;Satisfatório;Sim;Não;Não;5;5;5;5;5;0;Sem analogia, ficou focado na definição de primo.;4,166666667
juiz6.xlsx;Explicações e Analogias-chatGPT;15;Task 3.5;loops;Satisfatório;Sim;Não;Não;5;5;5;5;5;0;Sem analogia.;4,166666667
juiz6.xlsx;Explicações e Analogias-chatGPT;16;Task 4.1;array;Satisfatório;Sim;Sim;Não;5;5;5;5;5;0;Boa analogia.;4,166666667
juiz6.xlsx;Explicações e Analogias-chatGPT;17;Task 4.2;array;Satisfatório;Sim;Sim;Não;5;5;5;5;5;0;Boa analogia.;4,166666667
juiz6.xlsx;Explicações e Analogias-chatGPT;18;Task 4.3;array;Satisfatório;Sim;Não;Não;5;5;5;5;5;0;Sem analogia.;4,166666667
juiz6.xlsx;Explicações e Analogias-chatGPT;19;Task 4.4;array;Satisfatório;Sim;Não;Não;5;5;5;5;5;0;Sem analogia, mas boas explicações.;4,166666667
juiz6.xlsx;Explicações e Analogias-chatGPT;20;Task 4.5;array;Satisfatório;Sim;Não;Não;5;5;5;5;5;0;Sem analogia, mas boas explicações.;4,166666667
juiz6.xlsx;Explicações e Analogias-chatGPT;21;Task 5.1;function;Satisfatório;Sim;Sim;Não;5;5;5;5;5;0;Analogia simples e pouco código.;4,166666667
juiz6.xlsx;Explicações e Analogias-chatGPT;22;Task 5.2;function;Satisfatório;Sim;Sim;Não;5;5;5;5;5;0;Analogia simples e pouco código.;4,166666667
juiz6.xlsx;Explicações e Analogias-chatGPT;23;Task 5.3;function;Satisfatório;Sim;Sim;Não;5;5;5;5;5;0;Analogia simples e pouco código.;4,166666667
juiz6.xlsx;Explicações e Analogias-chatGPT;24;Task 5.4;function;Satisfatório;Sim;Não;Não;5;5;5;5;5;0;Sem analogia.;4,166666667
juiz6.xlsx;Explicações e Analogias-chatGPT;25;Task 5.5;function;Satisfatório;Sim;Sim;Não;5;5;5;5;5;0;Analogia simples.;4,166666667
juiz6.xlsx;Explicações e Analogias-deepSee;1;Task 1.1;operadores;Parcialmente Satisfatório;Sim;Sim;Sim;5;5;5;5;5;5;Apresentou analogias após algumas interações.;5
juiz6.xlsx;Explicações e Analogias-deepSee;2;Task 1.2;operadores;Parcialmente Satisfatório;Sim;Sim;Sim;5;4;5;4;5;5;Apresentou analogias após algumas interações.;4,666666667
juiz6.xlsx;Explicações e Analogias-deepSee;3;Task 1.3;operadores;Parcialmente Satisfatório;Sim;Não;Sim;5;5;5;5;5;5;Sem analogias.;5
juiz6.xlsx;Explicações e Analogias-deepSee;4;Task 1.4;operadores;Parcialmente Satisfatório;Sim;Não;Sim;5;5;5;5;5;5;"Sem analogias. Em alguns trechos até cita ""Analogia"", mas que não são.";5
juiz6.xlsx;Explicações e Analogias-deepSee;5;Task 1.5;operadores;Parcialmente Satisfatório;Sim;Não;Sim;5;5;5;5;5;5;Sem analogias.;5
juiz6.xlsx;Explicações e Analogias-deepSee;6;Task 2.1;condição;Parcialmente Satisfatório;Sim;Sim;Sim;5;5;5;5;5;5;Criou um roteiro. Usou analogias. Deu resposta depois de interações.;5
juiz6.xlsx;Explicações e Analogias-deepSee;7;Task 2.2;condição;Parcialmente Satisfatório;Sim;Sim;Sim;4;5;5;5;5;5;Criou um roteiro inicial, mas depois seguiu sem roteiro. Usou analogias no roteiro inicial. Deu resposta depois de interações.;4,833333333
juiz6.xlsx;Explicações e Analogias-deepSee;8;Task 2.3;condição;Parcialmente Satisfatório;Sim;Sim;Sim;4;4;5;5;5;5;Apresentou analogias após algumas interações.;4,666666667
juiz6.xlsx;Explicações e Analogias-deepSee;9;Task 2.4;condição;Parcialmente Satisfatório;Sim;Sim;Sim;5;5;5;5;5;5;Apresentou analogias após algumas interações.;5
juiz6.xlsx;Explicações e Analogias-deepSee;10;Task 2.5;condição;Parcialmente Satisfatório;Sim;Sim;Sim;5;5;5;5;5;5;Apresentou analogias após algumas interações.;5
juiz6.xlsx;Explicações e Analogias-deepSee;11;Task 3.1;loops;Parcialmente Satisfatório;Sim;Sim;Sim;5;5;5;5;5;5;Apresentou analogias após algumas interações.;5
juiz6.xlsx;Explicações e Analogias-deepSee;12;Task 3.2;loops;Parcialmente Satisfatório;Sim;Sim;Sim;5;5;5;5;5;5;Apresentou analogias após algumas interações.;5
juiz6.xlsx;Explicações e Analogias-deepSee;13;Task 3.3;loops;Parcialmente Satisfatório;Sim;Sim;Sim;5;5;5;5;5;5;Apresentou analogias após algumas interações.;5
juiz6.xlsx;Explicações e Analogias-deepSee;14;Task 3.4;loops;Parcialmente Satisfatório;Sim;Sim;Sim;5;5;5;5;5;5;Apresentou analogias após algumas interações.;5
juiz6.xlsx;Explicações e Analogias-deepSee;15;Task 3.5;loops;Parcialmente Satisfatório;Sim;Sim;Sim;5;5;5;5;5;5;Apresentou analogias após algumas interações.;5
juiz6.xlsx;Explicações e Analogias-deepSee;16;Task 4.1;array;Parcialmente Satisfatório;Sim;Sim;Sim;5;5;5;5;5;5;Apresentou analogias logo na primeira interação.;5
juiz6.xlsx;Explicações e Analogias-deepSee;17;Task 4.2;array;Parcialmente Satisfatório;Sim;Sim;Sim;5;5;5;5;5;5;Apresentou analogias após algumas interações.;5
juiz6.xlsx;Explicações e Analogias-deepSee;18;Task 4.3;array;Parcialmente Satisfatório;Sim;Não;Sim;5;5;5;5;5;5;Não apresentou analogias.;5
juiz6.xlsx;Explicações e Analogias-deepSee;19;Task 4.4;array;Parcialmente Satisfatório;Sim;Sim;Sim;5;5;4;5;5;5;Um dos exemplos utilizava uma representação gráfica de uma matriz, feita com chars, e a indicação da diagonal estava incorreta. De resto, utilizou analogias após interações, algumas bem interessantes (apresentou uma matriz com emojis, colocando o mesmo emoji na diagonal e explicando que onde estavam aquelas figuras era a digonal principal (pedida no exercício);4,833333333
juiz6.xlsx;Explicações e Analogias-deepSee;20;Task 4.5;array;Parcialmente Satisfatório;Sim;Sim;Sim;5;5;5;5;5;5;Apresentou analogias após algumas interações.;5
juiz6.xlsx;Explicações e Analogias-deepSee;21;Task 5.1;function;Parcialmente Satisfatório;Sim;Sim;Sim;5;5;5;5;5;5;Não apresentou um código completo para testes, mas sim o código completo da função pedida.;5
juiz6.xlsx;Explicações e Analogias-deepSee;22;Task 5.2;function;Parcialmente Satisfatório;Sim;Não;Sim;5;5;5;5;5;5;Não apresentou analogias.;5
juiz6.xlsx;Explicações e Analogias-deepSee;23;Task 5.3;function;Parcialmente Satisfatório;Sim;Sim;Sim;5;5;5;5;5;5;Apresentou diálogo simulado primeiro, depois diálogo com o usuário. Usou analogias.;5
juiz6.xlsx;Explicações e Analogias-deepSee;24;Task 5.4;function;Parcialmente Satisfatório;Sim;Sim;Sim;5;5;5;5;5;5;Apresentou analogias após algumas interações.;5
juiz6.xlsx;Explicações e Analogias-deepSee;25;Task 5.5;function;Parcialmente Satisfatório;Sim;Sim;Sim;5;5;5;5;5;5;Apresentou analogias após algumas interações.;5
juiz6.xlsx;Explicações e Analogias-gemini;1;Task 1.1;operadores;Parcialmente Satisfatório;Sim;Sim;Não;5;5;5;5;3;0;Apresentou analogias iniciais, depois não fez mais isso. Bem detalhista em relação ao input/output de dados, ficando muito nesse ponto.;3,833333333
juiz6.xlsx;Explicações e Analogias-gemini;2;Task 1.2;operadores;Parcialmente Satisfatório;Sim;Sim;Não;5;5;5;5;3;0;Apresentou analogias iniciais, depois não fez mais isso. Bem detalhista em relação ao input/output de dados, ficando muito nesse ponto.;3,833333333
juiz6.xlsx;Explicações e Analogias-gemini;3;Task 1.3;operadores;Parcialmente Satisfatório;Sim;Sim;Não;5;5;5;5;3;0;Apresentou analogias iniciais, depois não fez mais isso. Bem detalhista em relação ao input/output de dados, ficando muito nesse ponto.;3,833333333
juiz6.xlsx;Explicações e Analogias-gemini;4;Task 1.4;operadores;Parcialmente Satisfatório;Sim;Não;Não;0;0;0;0;0;0;Não apresentou nenhuma analogia.;0
juiz6.xlsx;Explicações e Analogias-gemini;5;Task 1.5;operadores;Parcialmente Satisfatório;Sim;Não;Não;0;0;0;0;0;0;Não apresentou nenhuma analogia.;0
juiz6.xlsx;Explicações e Analogias-gemini;6;Task 2.1;condição;Parcialmente Satisfatório;Sim;Sim;Não;5;5;5;5;3;0;Apresentou analogias iniciais, depois não fez mais isso. Bem detalhista em relação ao input/output de dados, ficando muito nesse ponto.;3,833333333
juiz6.xlsx;Explicações e Analogias-gemini;7;Task 2.2;condição;Parcialmente Satisfatório;Sim;Sim;Não;5;5;5;5;3;0;Apresentou analogias iniciais, depois não fez mais isso. Bem detalhista em relação ao input/output de dados, ficando muito nesse ponto.;3,833333333
juiz6.xlsx;Explicações e Analogias-gemini;8;Task 2.3;condição;Parcialmente Satisfatório;Sim;Não;Não;0;0;0;0;0;0;Não apresentou nenhuma analogia.;0
juiz6.xlsx;Explicações e Analogias-gemini;9;Task 2.4;condição;Parcialmente Satisfatório;Sim;Não;Não;0;0;0;0;0;0;Não apresentou nenhuma analogia.;0
juiz6.xlsx;Explicações e Analogias-gemini;10;Task 2.5;condição;Parcialmente Satisfatório;Sim;Sim;Não;5;5;5;5;3;0;Apresentou analogias pontuais, mas segue normalmente. Detalhista em relação a input/output, ficando muito nesse ponto.;3,833333333
juiz6.xlsx;Explicações e Analogias-gemini;11;Task 3.1;loops;Parcialmente Satisfatório;Sim;Não;Não;0;0;0;0;0;0;Não apresentou nenhuma analogia.;0
juiz6.xlsx;Explicações e Analogias-gemini;12;Task 3.2;loops;Parcialmente Satisfatório;Sim;Sim;Não;5;5;5;5;3;0;Apresentou analogias pontuais, mas segue normalmente. Detalhista em relação a input/output, ficando muito nesse ponto.;3,833333333
juiz6.xlsx;Explicações e Analogias-gemini;13;Task 3.3;loops;Parcialmente Satisfatório;Sim;Sim;Não;5;5;5;5;3;0;Apresentou analogias pontuais, mas segue normalmente. Detalhista em relação a input/output, ficando muito nesse ponto.;3,833333333
juiz6.xlsx;Explicações e Analogias-gemini;14;Task 3.4;loops;Satisfatório;Sim;Sim;Não;5;5;5;5;5;0;Apresentou analogias e seguiu, mesmo que simples.;4,166666667
juiz6.xlsx;Explicações e Analogias-gemini;15;Task 3.5;loops;Parcialmente Satisfatório;Sim;Sim;Não;5;5;5;5;3;0;Apresentou analogias e seguiu, mesmo que simples.;3,833333333
juiz6.xlsx;Explicações e Analogias-gemini;16;Task 4.1;array;Parcialmente Satisfatório;Sim;Sim;Não;5;5;5;5;3;0;Apresentou analogias e seguiu, mesmo que simples.;3,833333333
juiz6.xlsx;Explicações e Analogias-gemini;17;Task 4.2;array;Parcialmente Satisfatório;Sim;Sim;Não;5;5;5;5;3;0;Apresentou analogias e seguiu, mesmo que simples.;3,833333333
juiz6.xlsx;Explicações e Analogias-gemini;18;Task 4.3;array;Satisfatório;Sim;Sim;Não;5;5;5;5;3;0;Apresentou analogias e seguiu, mesmo que simples.;3,833333333
juiz6.xlsx;Explicações e Analogias-gemini;19;Task 4.4;array;Satisfatório;Sim;Sim;Parcialmente;5;5;5;5;3;0;Apresentou analogias e seguiu, mesmo que simples.;3,833333333
juiz6.xlsx;Explicações e Analogias-gemini;20;Task 4.5;array;Satisfatório;Sim;Sim;Não;5;5;5;5;3;0;Apresentou analogias e seguiu, mesmo que simples.;3,833333333
juiz6.xlsx;Explicações e Analogias-gemini;21;Task 5.1;function;Satisfatório;Sim;Sim;Não;5;5;5;5;3;0;Apresentou analogias e seguiu, mesmo que simples.;3,833333333
juiz6.xlsx;Explicações e Analogias-gemini;22;Task 5.2;function;Satisfatório;Sim;Sim;Não;5;5;5;5;3;0;Apresentou analogias e seguiu, mesmo que simples.;3,833333333
juiz6.xlsx;Explicações e Analogias-gemini;23;Task 5.3;function;Satisfatório;Sim;Sim;Não;5;5;5;5;3;0;Apresentou analogias e seguiu, mesmo que simples.;3,833333333
juiz6.xlsx;Explicações e Analogias-gemini;24;Task 5.4;function;Insatisfatório;Sim;Sim;Não;5;5;5;5;3;0;Apresentou analogias, mas ficou insistindo em um exercício inicial, diferente do proposto.;3,833333333
juiz6.xlsx;Explicações e Analogias-gemini;25;Task 5.5;function;Parcialmente Satisfatório;Sim;Não;Não;0;0;0;0;0;0;Não apresentou nenhuma analogia.;0
